-- phpMyAdmin SQL Dump
-- version 4.9.0.1
-- https://www.phpmyadmin.net/
--
-- Máy chủ: 127.0.0.1
-- Thời gian đã tạo: Th6 15, 2019 lúc 09:15 PM
-- Phiên bản máy phục vụ: 10.3.15-MariaDB
-- Phiên bản PHP: 7.3.6

SET SQL_MODE = "NO_AUTO_VALUE_ON_ZERO";
SET AUTOCOMMIT = 0;
START TRANSACTION;
SET time_zone = "+00:00";


/*!40101 SET @OLD_CHARACTER_SET_CLIENT=@@CHARACTER_SET_CLIENT */;
/*!40101 SET @OLD_CHARACTER_SET_RESULTS=@@CHARACTER_SET_RESULTS */;
/*!40101 SET @OLD_COLLATION_CONNECTION=@@COLLATION_CONNECTION */;
/*!40101 SET NAMES utf8mb4 */;

--
-- Cơ sở dữ liệu: `hhd_express`
--

-- --------------------------------------------------------

--
-- Cấu trúc bảng cho bảng `baibao`
--

CREATE TABLE `baibao` (
  `idBaiBao` int(11) NOT NULL,
  `TenBaiBao` varchar(500) CHARACTER SET utf8 COLLATE utf8_unicode_ci NOT NULL,
  `ChuyenMuc` int(11) NOT NULL,
  `TacGia` int(11) NOT NULL,
  `NgayDang` date NOT NULL,
  `TrangThai` int(11) NOT NULL,
  `NoiDung` mediumtext NOT NULL,
  `NoiDungTomTat` varchar(1000) CHARACTER SET utf8 COLLATE utf8_unicode_ci NOT NULL,
  `AnhDaiDien` varchar(1000) CHARACTER SET utf8 COLLATE utf8_unicode_ci NOT NULL,
  `Premium` int(11) NOT NULL,
  `luotXem` int(11) NOT NULL
) ENGINE=InnoDB DEFAULT CHARSET=utf8;

--
-- Đang đổ dữ liệu cho bảng `baibao`
--

INSERT INTO `baibao` (`idBaiBao`, `TenBaiBao`, `ChuyenMuc`, `TacGia`, `NgayDang`, `TrangThai`, `NoiDung`, `NoiDungTomTat`, `AnhDaiDien`, `Premium`, `luotXem`) VALUES
(1, 'Real có biến: Perez mê á quân C1, Zidane cãi lệnh đòi Pogba giá \"cắt cổ\"', 1, 1, '2019-05-01', 1, '<p>Mùa Hè 2019, Real Madrid đã chi hơn 300 triệu euro để chiêu mộ Ferland Mendy, Luka Jovic, Rodrygo Goes, Eder Militao và đặc biệt là \"siêu bom tấn\" Eden Hazard. Tuy nhiên, \"đội bóng Hoàng gia\" chưa có ý định dừng lại. Nhiều khả năng thời gian tới, những tên tuổi đình đám khác sẽ tiếp tục đổ bộ sân Bernabeu.</p>\r\n\r\n\r\n<p><a href=\"https://cdn.24h.com.vn/upload/2-2019/images/2019-06-14/Real-co-bien-Perez-me-a-quan-C1-Zidane-cai-lenh-doi-Pogba-gia-sdfd-1560511574-903-width660height439.jpg\"></p>\r\n<p>Tiêu biểu trong số này phải kể đến Paul Pogba. Tiền vệ người Pháp liên tục \"bắn tín hiệu\" tới Real bằng cách làm mình làm mẫy, đưa ra yêu sách lương bổng với CLB chủ quản MU.\r\n\r\nDù vậy, đại diện Premier League chỉ đồng ý ngồi vào bàn đàm phán nếu nhận đủ 150 triệu euro, trong khi chủ tịch Real - Florentino Perez không sẵn sàng trả số tiền này vì đã đầu tư quá mạnh tay cho 5 thương vụ trước.\r\n\r\nTrước tình cảnh đó, ông trùm ngành xây dựng đã nhắm sẵn một mục tiêu vừa phải hơn những tài năng không kém: Christian Eriksen. Theo Fox Sport, Real đã bí mật liên hệ với Tottenham ngay sau trận chung kết Champions League và đưa ra lời đề nghị trị giá 120 triệu euro dành cho tiền vệ người Đan Mạch.\r\n\r\n\r\nVấn đề ở chỗ, HLV Zinedine Zidane đã gạt phăng kế hoạch của Perez. Theo Marca (TBN) và The Sun (Anh), chiến lược gia 45 tuổi một mực muốn chiêu mộ Pogba bằng mọi giá\", đồng thời sẵn sàng đối chất với ông chủ về quan điểm cứng rắn của mình.\r\n\r\nBên cạnh mức phí \"khủng\", nguyên nhân khiến Perez chần chừ trong việc chiêu mộ Pogba xuất phát từ quỹ lương ngày càng \"phình to\" ở Real.\r\n\r\nQuân số đội 1 hiện lên tới 37 người, trong đó nhiều cái tên chỉ xuất hiện cho đủ, không thi đấu nhiều vẫn hưởng lương cao như Gareth Bale, James Rodriguez (vừa trở về sau 2 năm cho mượn ở Bayern). Chưa kể, cá tính của tiền vệ người Pháp có thể gây ra cuộc chiến phòng thay đồ với các \"ông sao\" khác.\r\n\r\nNếu Perez và Zidane không chịu \"xuống nước\", kế hoạch chuyển nhượng hè của Real có thể lâm vào bế tắc trong tương lai, thậm chí đối diện nguy cơ mất trắng nếu các đối thủ cạnh tranh (như Juventus) vào cuộc tiếp cận Pogba lẫn Eriksen.</p>\r\n', 'Sau khi Real chiêu mộ hàng loạt \"bom tấn\", Chủ tịch Florentino Perez và HLV Zinedine Zidane đã nảy sinh mâu thuẫn liên quan tới cái tên quen thuộc: Paul Pogba.', 'https://cdn.24h.com.vn/upload/2-2019/images/2019-06-14/Real-co-bien-Perez-me-a-quan-C1-Zidane-cai-lenh-doi-Pogba-gia-sdfd-1560511574-903-width660height439.jpg', 1, 354),
(2, '10 năm \"bom tấn\" Ngoại hạng Anh tới Liga: Hazard có \"ngon\" như Ronaldo?', 2, 1, '2019-05-09', 1, '<p>Eden Hazard tới Real Madrid  - thương vụ đáng chú ý nhất kỳ chuyển nhượng hè 2019 rốt cục cũng trở thành hiện thực. Dường như La Liga, chính xác hơn là Real và Barca luôn là điểm đến của những siêu sao đã khẳng định tài năng ở Premier League.</p>\r\n<p><img src=\"https://cdn.24h.com.vn/upload/2-2019/images/2019-06-14/fsdafsd-1560523819-405-width660height660.jpg\" /></p>\r\n\r\n<p>Thú vị hơn, cách đây tròn 10 năm, Real Madrid đã kích nổ \"quả bom tấn\" Cristiano Ronaldo. Đó cũng chính là thương  vụ thành công nhất lịch sử đội chủ sân Bernabeu. Chỉ cần 9 năm, CR7 đã thiết lập vô số kỷ lục vô tiền khoáng hậu, trở thành chân sút số 1 lịch sử CLB (311 bàn), giúp \"đội bóng Hoàng gia\" giành 2 La Liga và 4 lần lên ngôi ở Champions League, bao gồm 3 chức vô địch liên tiếp (2016-2018).\r\n\r\nỞ mức độ thấp hơn một chút, Gareth Bale và Luis Suarez cũng gặt hái vô số thành công. Với vị thế cầu thủ đắt giá nhất lịch sử bóng đá thời điểm đó, Bale chưa đủ sức thay thế Ronaldo như kỳ vọng ban đầu nhưng vẫn để vô số dấu ấn cá nhân đậm nét suốt 6 năm qua. Thậm chí anh còn ghi bàn ở 2/4 trận chung kết Champions League để mang lại vinh quang cho Real.\r\n\r\n\r\nNgôi sao người xứ Wales là chuẩn mực thành công thực tế hơn mà Hazard có thể nhắm tới ở Real thay vì tượng đài Ronaldo.\r\n\r\nTrong khi đó, Luis Suarez được xem như miếng ghép hoàn hảo của Barca dưới thời HLV Luis Enrique khi cập bến vào năm 2014, hợp cùng Lonel Messi và Neymar thành \"tam tấu\" tấn công xuất sắc nhất lịch sử La Liga. Cùng hai đồng đội thân thiết, tiền đạo người Uruguay giành cú \"ăn 3\" lịch sử ngay mùa đầu tiên có mặt ở sân Nou Camp (2014/15).\r\n\r\nTất nhiên nói vậy không có nghĩa \"siêu bom tấn\" Premier League cũng thành công ở La Liga, điển hình như Philippe Coutinho. 105 triệu bảng (cộng 35 triệu phụ phí) là cái giá mà Barca phải trả cho Liverpool cách đây 18 tháng với tham vọng tìm ra người kế thừa xứng đáng Xavi, Iniesta.</p>\r\n\r\n<p>Thú vị hơn, cách đây tròn 10 năm, Real Madrid đã kích nổ \"quả bom tấn\" Cristiano Ronaldo. Đó cũng chính là thương  vụ thành công nhất lịch sử đội chủ sân Bernabeu. Chỉ cần 9 năm, CR7 đã thiết lập vô số kỷ lục vô tiền khoáng hậu, trở thành chân sút số 1 lịch sử CLB (311 bàn), giúp \"đội bóng Hoàng gia\" giành 2 La Liga và 4 lần lên ngôi ở Champions League, bao gồm 3 chức vô địch liên tiếp (2016-2018).\r\n\r\nỞ mức độ thấp hơn một chút, Gareth Bale và Luis Suarez cũng gặt hái vô số thành công. Với vị thế cầu thủ đắt giá nhất lịch sử bóng đá thời điểm đó, Bale chưa đủ sức thay thế Ronaldo như kỳ vọng ban đầu nhưng vẫn để vô số dấu ấn cá nhân đậm nét suốt 6 năm qua. Thậm chí anh còn ghi bàn ở 2/4 trận chung kết Champions League để mang lại vinh quang cho Real.\r\n\r\n\r\nNgôi sao người xứ Wales là chuẩn mực thành công thực tế hơn mà Hazard có thể nhắm tới ở Real thay vì tượng đài Ronaldo.\r\n\r\nTrong khi đó, Luis Suarez được xem như miếng ghép hoàn hảo của Barca dưới thời HLV Luis Enrique khi cập bến vào năm 2014, hợp cùng Lonel Messi và Neymar thành \"tam tấu\" tấn công xuất sắc nhất lịch sử La Liga. Cùng hai đồng đội thân thiết, tiền đạo người Uruguay giành cú \"ăn 3\" lịch sử ngay mùa đầu tiên có mặt ở sân Nou Camp (2014/15).\r\n\r\nTất nhiên nói vậy không có nghĩa \"siêu bom tấn\" Premier League cũng thành công ở La Liga, điển hình như Philippe Coutinho. 105 triệu bảng (cộng 35 triệu phụ phí) là cái giá mà Barca phải trả cho Liverpool cách đây 18 tháng với tham vọng tìm ra người kế thừa xứng đáng Xavi, Iniesta.</p>\r\n<p><img src=\"https://cdn.24h.com.vn/upload/2-2019/images/2019-06-14/bshyblfi-1560523792-895-width660height458.jpg\" /></p>\r\n<p>Để rồi, Coutinho nhanh chóng trở thành nỗi thất vọng tràn trề. Không chỉ lạc lõng trong lối chơi của \"Gã khổng lồ xứ Catalunya\", ngôi sao người Brazil còn mất luôn suất đá chính và đối diện nguy cơ \"bật bãi\" khỏi sân Nou Camp mùa hè này. Trớ trêu hơn, CLB mà anh rũ áo từ bỏ - Liverpool đánh bại chính Barca trước khi lên ngôi vô địch Champions League 2018/19.\r\n\r\nHazard hội tụ nhiều yếu tố để thành công ở La Liga nhưng sau hàng loạt \"món hời\", liệu Real có tiếp bước Barca ôm hận vì \"bom tấn\" Premier League.</p>\r\n\r\n\r\n\r\n', '10 năm kể từ khi Cristiano Ronaldo rời MU cập bến Real, La Liga đã đón không ít \"bom tấn\" từ Premier League nhưng không phải ai cũng thành công rực rỡ như CR7.', 'https://cdn.24h.com.vn/upload/2-2019/images/2019-06-14/fsdafsd-1560523819-405-width660height660.jpg', 0, 546),
(3, 'Chân dài 19 tuổi Thái Lan khuynh đảo ghi 247 điểm: Cả thế giới xôn xao', 3, 3, '2019-05-13', 1, '<p>Chatchu On Moksri, nữ tay đập mới 19 tuổi những đã trở thành một chủ công có những pha đáng sợ của đội tuyển bóng chuyền nữ Thái Lan. Sở hữu chiều cao không quá ấn tượng so với các chủ công (1m78) thế nhưng cô gái có biệt danh \"Bumbim\" lại có những pha bật cao ấn tượng (nhảy tấn công 3m và nhảy chắn 2m9), nhờ đó tay đập này có lối đánh cực kỳ đa dạng.</p>\r\n\r\n<p><a href=\"https://cdn.24h.com.vn/upload/2-2019/images/2019-06-14/Chan-dai-19-tuoi-Thai-Lan-khuynh-dao-ghi-247-diem-Ca-the-gioi-khiep-so-taydapthai1-1560496990-67-width660height422.jpg\" \r\n<p>Đập bóng ngoài biên hay ghi điểm trung lộ, nhảy đập sau vạch 3m và bám chắn hiệu quả, Chatchu đã trở thành tay đập ghi điểm số 1 ở giải bóng chuyền thế giới đang diễn ra tại Trung Quốc từ 21/5 tới 7/7. Đây là giải đấu giành cho 16 đội bóng xuất sắc nhất của các châu lục, có tiền thân là giải Volleyball World Grand Prix mới được đổi tên thành Nations League từ năm 2018.\r\n\r\nCác đội bóng thi đấu vòng tròn tính điểm để chọn ra các đại diện đi tiếp. Sau 12 trận đấu, tuyển Thái Lan thắng 4 thua 8, đang có 13 điểm tạm thời đứng thứ 13 trên bảng xếp hạng. Kết quả như vậy là không hề tệ với một đội bóng tới từ Đông Nam Á, họ đã thắng Đức, Hàn Quốc, Bulgaria và cả nhà đương kim vô địch thế giới Serbia.\r\n\r\nMột trong những cá nhân đóng góp vào thành tích ấn tượng của Thái Lan tại giải đấu đang diễn ra chính là chủ công Chatchu On Moksri. Sau ghi được tổng cộng 247 điểm trở thành tay đập ghi được nhiều điểm nhất sau 12 trận, ấn tượng hơn cô còn đứng đầu trong tất cả các danh sách: chắn bóng tốt nhất, ghi điểm hiệu quả nhất, phát bóng hay nhất...\r\n\r\nỞ trận đấu sắp tới, Thái Lan sẽ đụng độ với tuyển Hà Lan vào ngày 18/6, đây sẽ là cơ hội tốt để tay đập trẻ tiếp tục thể hiện bản năng ghi điểm \"sát thủ\" của mình.</p>\r\n\r\n\r\n<p><a href=\"https://cdn.24h.com.vn/upload/2-2019/images/2019-06-14/Chan-dai-19-tuoi-Thai-Lan-khuynh-dao-ghi-247-diem-Ca-the-gioi-khiep-so-taydapthai2-1560496990-904-width660height380.jpg\"></p>\r\n\r\n', '(Tin thể thao, tin bóng chuyền) Chân dài 19 tuổi người Thái Lan đạt hiệu suất ghi điểm cực khủng ở giải bóng chuyền Nations League 2019.', 'https://cdn.24h.com.vn/upload/2-2019/images/2019-06-14/Chan-dai-19-tuoi-Thai-Lan-khuynh-dao-ghi-247-diem-Ca-the-gioi-khiep-so-taydapthai1-1560496990-67-width660height422.jpg', 1, 2145),
(4, 'Xôn xao \"hot girl\" bóng chuyền Thanh Thúy 1m93 sang Nhật Bản: \"Đổi đời\" với lương tiền tỷ', 4, 3, '2019-05-01', 1, '<p>Trần Thị Thanh Thúy chưa đầy 22 tuổi nhưng đã trở thành chủ công xuất sắc nhất của bóng chuyền Việt Nam trong suốt những mùa giải vừa qua. Tay đập có chiều cao 1m93 không chỉ là trụ cột ở hàng công tuyển trẻ U23 cô còn là mũi tấn công không thể thiếu trong thành phần đội tuyển Việt Nam. Thanh Thúy cũng chính là 1 trong những cá nhân đóng góp công lớn giúp VTV Bình Điền Long An trở thành CLB số 1 Việt Nam.</p>\r\n<p><a href=\"https://cdn.24h.com.vn/upload/2-2019/images/2019-06-13/Thanh-Thuy-1m93-sang-Nhat-Ban-choi-bong-chuyen-thanhthuy1-1560420591-104-width660height495.jpg\"></p>\r\n\r\n<p>Thanh Thúy không chỉ thành công khi thi đấu ở Việt Nam, cô còn là \"lính đánh thuê\" xuất sắc khi chơi bóng ở Thái Lan và Đài Loan (Trung Quốc). Gây dựng được tiếng vang ở cả trong và ngoài nước, Thanh Thúy nhận được sự ngưỡng mộ của đội bóng Nhật Bản - Denso Airy.\r\n\r\nTheo một số nguồn tin cho biết, sau nhiều tin đồn vài tháng gần đây thì đã có tin chính thức về việc chủ công số 1 Việt Nam sẽ sang Nhật Bản thi đấu cho Denso Airy. Rõ ràng đây là một bước tiến trong sự nghiệp của Thúy \"cò\", được thi đấu ở nền bóng chuyền phát triển chủ công số 1 bóng chuyền Việt sẽ được học hỏi, cọ xát để phát hoàn thiện bản thân.\r\n\r\nĐược biết Thanh Thúy sẽ sang Nhật Bản để thử việc vào ngày 22-26/7 tới đây, cô sẽ vượt qua nhiều bài kiểm tra khác nhau trước khi CLB chính thức điền tên thi đấu giải VĐQG Nhật Bản năm 2019/2020.\r\n\r\nSang Nhật thi đấu, Thanh Thúy có nhiều cơ hội phát triển bản thân và cũng kỳ vọng nhận được một mức lương hấp dẫn. Trước đó, cũng có một vài tay đập Thái Lan từng sang Nhật Bản thi đấu và nhận mức ưu đãi cực khủng. Theo đó, Onuma nhận 8 tỷ đồng/năm, Chatchuon cũng được \"lót tay\" 6 tỷ đồng mùa...\r\n\r\nVới một tay đập tuyệt vời như Trần Thị Thanh Thúy, ít nhất cô cũng có thể nhận được một con số tương ứng với tài năng của mình.</p>\r\n\r\n', '(Tin thể thao, tin bóng chuyền) Ngưỡng mộ tài năng của Thanh Thúy 1m93, CLB bóng chuyền Nhật Bản đã mời cầu thủ này về thi đấu.', 'https://cdn.24h.com.vn/upload/2-2019/images/2019-06-13/Thanh-Thuy-1m93-sang-Nhat-Ban-choi-bong-chuyen-thanhthuy1-1560420591-104-width660height495.jpg', 1, 5468),
(5, '2 anh em mắc kẹt trên cột điện cao thế 220 KV suốt gần 4 giờ trong đêm', 5, 2, '2019-05-25', 2, '<p>Ngày 4-6, ông Lê Xuân Hà, Trưởng Công an xã Quỳnh Hoa (huyện Quỳnh Lưu, tỉnh Nghệ An), cho biết trên địa bàn xã vừa xảy ra trường hợp hi hữu khi 2 anh em trèo lên cột điện cao thế bị mắc kẹt và được cơ quan chức năng giải cứu.\r\n\r\nTrước đó, vào khoảng 21 giờ ngày 3-6, vì mâu thuẫn chuyện gia đình nên ông Trần Văn Vỹ (40 tuổi, trú xóm 7, xã Quỳnh Hoa, Quỳnh Lưu) đã leo lên đỉnh cột điện cao thế 220 KV (cao mấy chục mét) liên tục la hét. Thấy vậy, em trai của ông Vỹ là ông Trần Văn Sơn trèo lên cột điện để giải cứu. Tuy nhiên do trời tối, cột điện cao nên cả 2 anh em bị mắc kẹt ở trên không xuống được.\r\n\r\nSau một lúc không tìm được đường xuống, 2 anh em Vỹ bắt đầu có biểu hiện sợ hãi, la hét. Phát hiện sự việc, người dân xung quanh đã báo cáo sự việc lên chính quyền địa phương xã để tìm cách giải cứu 2 anh em ông Vỹ.\r\n\r\nNhận tin báo, lực lượng công an huyện, lực cảnh sát PCCC đã có mặt cùng hàng trăm người dân có mặt tìm kiếm cách giải cứu 2 anh em ông Trần Văn Vỹ. Tuy nhiên, do trời mưa, cột điện cao thế không thể cắt điện nên lực lượng chức năng không thể tiếp cận 2 anh em. Lực lượng chức năng sau đó tiếp tục dùng loa, rọi đèn và thuyết phục 2 anh em ông Vỹ giữ bình tĩnh và hướng dẫn trèo xuống an toàn. Đến khoảng 1 giờ 30 phút sáng 4-6, anh em ông Vỹ đã trèo xuống đất an toàn.</p>\r\n<p><a href=\"https://cdn.24h.com.vn/upload/2-2019/images/2019-06-04/2-anh-em-mac-ket-tren-cot-dien-cao-the-220-KV-suot-gan-4-gio-trong-dem-cot-dien-2-1559629950-491-width540height720.jpg\"></p>\r\n\r\n<p>Được biết, trước khi sự việc xảy ra, ông Trần Văn Vỹ có mâu thuẫn chuyện gia đình và uống nhiều rượu.</p>\r\n\r\n', 'Bức xúc chuyện gia đình, trong đêm tối, ông Trần Văn Vỹ (40 tuổi, Nghệ An) đã trèo lên cột điện cao thế 220 KV ngồi la hét. Thấy thế, em trai ông Vỹ trèo lên giải cứu anh nhưng cả 2 cùng mắc kẹt.', 'https://cdn.24h.com.vn/upload/2-2019/images/2019-06-04/2-anh-em-mac-ket-tren-cot-dien-cao-the-220-KV-suot-gan-4-gio-trong-dem-cot-dien-1-1559629950-884-width540height360.jpg', 1, 5468),
(6, 'Mang đao và bình xịt cay đi bắt trộm chó, “cẩu tặc” bị người dân vây quanh đòi xử', 6, 4, '2019-05-27', 3, '<p>Ngày 7-6, ông Đậu Bá An, Trưởng Công an xã Giang Sơn Tây (huyện Đô Lương, Nghệ An), cho biết chính quyền xã đã bàn giao 1 đối tượng trộm chó cho Công an huyện Đô Lương để tiếp tục điều tra làm rõ theo thẩm quyền.\r\n\r\nÔng An cho biết thời gian gần đây trên địa bàn xã có khảng 70 con chó nhà người dân bị câu trộm. Trước tình hình này, công an xã đã tổ chức lực lượng phục kích để bắt trộm chó.</p>\r\n\r\n\r\n<p><a href=\"https://cdn.24h.com.vn/upload/2-2019/images/2019-06-07/Mang-dao-va-binh-xit-cay-di-bat-trom-cho-cau-tac-bi-nguoi-dan-vay-quanh-doi-xu-2019-06-07_15-52-13-1559897571-363-width527height455.jpg\" </a></p>\r\n\r\n\r\n<p>Đến khoảng hơn 1 giờ ngày 6-6, tổ công tác Công an xã Giang Sơn Tây đang mật phục ở đường làng như thường lệ thì nghe tiếng chó sủa. Xác định có nhóm \"cẩu tặc\" đã vào làng, công an xã này phân chia người chốt chặn ở đường ra để bắt giữ. \r\n\r\nKhi nhóm \"cẩu tặc\" đang bắt trộm chó, lực lượng công an ập ra bất ngờ khiến 2 đối tượng mang theo đao, bình xịt cay hoảng sợ, ngã ra đường. Công an lập tức lao vào khống chế nhưng một đối tượng đã bỏ chạy thoát thân. Tại cơ quan công an, đối tượng bị bắt giữ khai nhận là Võ Văn Dũng (28 tuổi, quê huyện Yên Thành, tỉnh Nghệ An).\r\n\r\nKhi công an khống chế đối tượng Dũng, rất đông người dân xung quanh vì bức xúc đã ra và vây lại đòi xử \"cẩu tặc\" này. Tuy nhiên, công an xã đã can ngăn kịp thời và đưa đối tượng Dũng về trụ sở công an. \"Cũng may là chúng tôi bắt, chứ nếu dân bắt thì chưa biết chuyện gì sẽ xảy ra với tên trộm này\" - ông An cho biết thêm.</p>\r\n\r\n\r\n', 'Võ Văn Dũng (Nghệ An) cùng một đối tượng khác mang đao, bình xịt cay đi bắt trộm chó song đã bị công an mật phục bắt quả tang. Người dân do bức xúc bởi đã mất trộm khoảng 70 con chó đã vây quanh đòi \"xử\".', 'https://cdn.24h.com.vn/upload/2-2019/images/2019-06-07/Mang-dao-va-binh-xit-cay-di-bat-trom-cho-cau-tac-bi-nguoi-dan-vay-quanh-doi-xu-2019-06-07_15-52-13-1559897571-363-width527height455.jpg', 1, 14235),
(7, 'Phó Bí thư huyện Bình Chánh làm Phó ban Tuyên giáo Thành ủy TP.HCM', 7, 4, '2019-06-27', 1, '<p>Ông Lê Văn Minh, Phó Bí thư Huyện ủy Bình Chánh được điều về làm Phó ban Tuyên giáo Thành ủy TP.HCM.</p>\r\n\r\n<p><a href=\"https://cdn.24h.com.vn/upload/2-2019/images/2019-06-15/1560571194-659-pho-bi-thu-huyen-binh-chanh-lam-pho-ban-tuyen-giao-thanh-uy-tphcm-anh-1560571172-width800height515.jpg\"></p>\r\n\r\n<p>Sáng 15/6, Bí thư Thành ủy TP.HCM Nguyễn Thiện Nhân đã trao quyết định của Ban Thường vụ Thành ủy TP.HCM điều động, bổ nhiệm ông Lê Văn Minh, Phó Bí thư Huyện ủy Bình Chánh giữ chức vụ Phó trưởng Ban tuyên giáo Thành ủy TP.HCM.\r\n\r\nThời gian giữ chức vụ là 5 năm.\r\n\r\nÔng Lê Văn Minh, sinh năm 1976 tại TP.HCM. Ông Minh có trình độ Cử nhân Triết học, Cao cấp Lý luận chính trị.\r\n\r\nTrước khi làm Phó Bí thư Huyện ủy huyện Bình Chánh, ông Minh đã trải qua các chức vụ: Chánh Văn phòng Ban tuyên giáo Thành ủy TP.HCM, Phó trưởng Ban tuyên giáo Thành ủy TP.HCM.\r\n\r\nHiện Ban tuyên giáo Thành ủy TP.HCM còn khuyết vị trí Trưởng ban do bà Thân Thị Thư đã nghỉ hưu.</p>\r\n\r\n\r\n\r\n\r\n', 'Ông Lê Văn Minh, Phó Bí thư Huyện ủy Bình Chánh được điều về làm Phó ban Tuyên giáo Thành ủy TP.HCM.', 'https://cdn.24h.com.vn/upload/2-2019/images/2019-06-15/1560571194-659-pho-bi-thu-huyen-binh-chanh-lam-pho-ban-tuyen-giao-thanh-uy-tphcm-anh-1560571172-width800height515.jpg', 1, 4568),
(8, 'Ông Đoàn Ngọc Hải 3 lần \"sẵn sàng, chấp hành\" rồi thay đổi', 8, 4, '2019-06-25', 1, '<pViệc phân công ông Đoàn Ngọc Hải làm Phó Tổng giám đốc Tổng Công ty xây dựng Sài Gòn TNHH MTV đã được Ban thường vụ Thành ủy thảo luận nghiêm túc, xem xét trong một thời gian dài và thận trọng từng bước.</p>\r\n\r\n<p>Sáng 14-6, ông Trương Văn Lắm - Giám đốc Sở Nội vụ TP.HCM cho biết như thế tại cuộc họp giao ban báo chí thường kỳ của Ban Tuyên giáo Thành ủy TP.HCM.</p>\r\n\r\n\r\n\r\n<p><img src=\"https://cdn.24h.com.vn/upload/2-2019/images/2019-06-14/ong-doan-Ngoc-Hai-3-lan-hai--1--1560504023-126-width653height490.jpg\" />/p>\r\n\r\n<p>Theo ông Lắm, quy trình điều động, phân công ông Đoàn Ngọc Hải - Phó Tổng giám đốc Tổng Công ty xây dựng Sài Gòn TNHH MTV đã được Ban thường vụ Thành ủy thảo luận nghiêm túc, xem xét trong một thời gian dài và thận trọng từng bước.\r\n\r\nÔng Lắm cũng khẳng định, trước khi trình cấp có thẩm quyền, các cơ quan tham mưu về công tác cán bộ đều có trao đổi, lắng nghe ý kiến của ông Đoàn Ngọc Hải để báo cáo Ban Thường vụ Thành ủy quyết định.\r\n\r\nTuy nhiên, ông Đoàn Ngọc Hải đã thay đổi quyết định sau những lần trao đổi đó.\r\n\r\nLần thứ nhất, do yêu cầu công tác cán bộ, ngày 2-1-2018, Ban Tổ chức Thành ủy đã gặp ông Hải (đang là Phó Chủ tịch UBND quận 1) trao đổi về việc dự kiến điều động, bổ nhiệm làm lãnh đạo một doanh nghiệp Nhà nước trực thuộc UBND TP. Ông Hải cho biết “sẵn sàng nhận bất cứ nhiệm vụ gì” do tổ chức phân công, kể cả làm cán bộ Ủy ban MTTQ huyện Cần Giờ. Nhưng 6 ngày sau ông Hải có đơn từ chức Phó Chủ tịch quận 1.\r\n\r\nLần thứ hai, sau khi xem xét đơn từ chức của ông Hải, vào tháng 5-2018, Ban Thường vụ Thành ủy TP.HCM thống nhất giao Ban cán sự đảng UBND TP giải quyết theo hướng tạo điều kiện thuận lợi theo nguyện vọng. Thế nhưng cũng chỉ vài ngày sau đó, ông Đoàn Ngọc Hải lại có đơn “xin rút đơn từ chức”. Trong đơn lần này, ông Hải có ghi rõ: “Tôi sẵn sàng làm việc ở những nơi khó khăn, gian khó, nguy hiểm và nhận bất cứ nhiệm vụ gì do tổ chức phân công”.\r\n\r\nMột lần nữa, Ban thường vụ Thành ủy lại chỉ đạo các cơ quan xem xét, giải quyết, thống nhất cho ông Hải tiếp tục công tác, cống hiến.\r\n\r\nLần thứ ba, vào tháng 1-2019, Tổng Công ty Xây dựng Sài Gòn TNHH MTV đang khuyết hai chức danh phó tổng giám đốc, Ban Thường vụ Thành ủy thống nhất bổ sung hai chức danh này: Một lấy từ nguồn cán bộ tại chỗ, đồng thời điều động một nhân sự từ nơi khác về.\r\n\r\nBan Thường vụ Thành ủy thống nhất điều động ông Đoàn Ngọc Hải về làm Phó Tổng giám đốc.\r\n\r\nQuyết định đó được đưa ra sau cuộc họp của Ban thường vụ Thành ủy, có 11/14 ý kiến (ba người vắng họp) thống nhất quan điểm với trình độ cử nhân kinh tế, cử nhân Luật kinh doanh, cùng với kinh nghiệm công tác ở quận 1, ông Hải có thể đảm đương nhiệm vụ ở Tổng công ty Xây dựng Sài Gòn TNHH MTV.\r\n\r\nKết quả biểu quyết có 11/11 người trong Ban Thường vụ có mặt đã thống nhất điều động ông Đoàn Ngọc Hải về Tổng công ty Xây dựng Sài Gòn TNHH MTV. Ba người trong Ban Thường vụ vắng mặt trong cuộc họp đó cũng đã được xin ý kiến và thống nhất như trên.\r\n\r\nÔng Lắm cho biết thêm, trước khi điều động, các cơ quan tham mưu cũng đã gặp ông Hải để lắng nghe nguyện vọng. Ông Hải cũng cho biết sẽ chấp hành nhưng sau đó từ chức với lý do không phù hợp chuyên môn.\r\n\r\nĐối với việc ông Đoàn Ngọc Hải được phân công có trái chuyên môn, Giám đốc Sở Nội vụ Trương Văn Lắm cho rằng vị trí phó tổng giám đốc Tổng Công ty Xây dựng Sài Gòn TNHH MTV có cả nhiệm vụ phụ trách về chuyên môn xây dựng lẫn phụ trách đầu tư kinh doanh và nhiều mảng khác.\r\n\r\n“Ông Đoàn Ngọc Hải có thực tiễn kinh qua nhiều vị trí công tác phù hợp, cụ thể là ở chi cục thuế, phòng kinh tế và đặc biệt phó chủ tịch quận 1 phụ trách đô thị, bao gồm cả phụ trách về đầu tư xây dựng trên địa bàn” – ông Lắm nói và cho biết trong nhu cầu của Tổng Công ty Xây dựng Sài Gòn TNHH MTV thì cần một cán bộ về công tác tài chính và đầu tư, do đó phân công ông Hải là phù hợp.</p>\r\n\r\n<p><img src=\"https://cdn.24h.com.vn/upload/2-2019/images/2019-06-14/ong-doan-Ngoc-Hai-3-lan-hai--2--1560504023-240-width800height600.jpg\" /></p>\r\n\r\n<p>Ông Lắm cho hay hiện ông Hải chưa nhận nhiệm vụ Phó Tổng Giám đốc tại Tổng công ty Xây dựng Sài Gòn.\r\n\r\nRiêng đơn từ chức của ông Hải, ông Lắm cho biết đang được các cơ quan có thẩm quyền xem xét giải quyết theo quy trình.  \r\n\r\nTrước đó, hôm 4-6, ông Đoàn Ngọc Hải nộp đơn xin từ chức ngay sau khi được bổ nhiệmvào chức vụ Phó Giám đốc Tổng Công ty Xây dựng Sài Gòn TNHH Một thành viên.\r\n\r\nĐây là lần thứ hai ông nộp đơn xin từ chức. Trước đó ngày 8-1-2018, ông Hải đã có đơn từ chức gửi đến Thành ủy, UBND TP.HCM cùng lãnh đạo quận 1. Trong đơn từ chức lần thứ nhất, ông viết do không thực hiện được lời hứa với người dân trong vấn đề lập lại trật tự vỉa hè nên xin từ chức.</p>\r\n', 'Việc phân công ông Đoàn Ngọc Hải làm Phó Tổng giám đốc Tổng Công ty xây dựng Sài Gòn TNHH MTV đã được Ban thường vụ Thành ủy thảo luận nghiêm túc', 'https://cdn.24h.com.vn/upload/2-2019/images/2019-06-14/ong-doan-Ngoc-Hai-3-lan-hai--1--1560504023-126-width653height490.jpg', 1, 4568),
(9, 'Chủ nhà hàng sài sang chi trả 3.1 triệu USD cho con cá ngừ đắt nhất thế giới', 9, 5, '2019-07-01', 1, '<p>Một chủ nhà hàng sushi Nhật Bản đã trả một mức giá khổng lồ lên tới 3.1 triệu USD (72 tỷ VND) cho một con cá ngừ vây xanh quý hiếm.</p>\r\n<p>Để có được một con cá ngừ vây xanh trong buổi đấu giá cá ngừ tại chợ cá Tsukiji ở Tokyo là một vấn đề lớn. Con cá có giá kỷ lục nặng trên 278 kg, và chi phí cho mỗi kg lên tới hơn 10.000 USD.</p>\r\n<p><img src=\"https://cdn.24h.com.vn/upload/2-2019/images/2019-06-14/Chu-nha-hang-sai-sang-chi-tra-31-trieu-USD-cho-con-ca-ngu-dat-nhat-the-gioi-1-1560485337-906-width1200height630.jpg\" /></p>\r\n<p>Nhật Bản là một quốc gia tiêu thụ cá ngừ lớn nhất trên trái đất. Tuy nhiên, chúng ta khó có thể hiểu nổi nỗi ám ảnh về một món cá đến nỗi các nhà hàng nhỏ phải tranh nhau bỏ ra một số tiền rất lớn để có được con cá này.\r\n\r\nCon cá đã được mua bởi Kiyoshi Kimura, người tự xưng là rất đam mê cá ngừ Nhật Bản đồng thời ông còn là chủ sở hữu chuỗi nhà hàng sushi Sushi-Zanmai. Kiyoshi Kimura đã phá vỡ kỷ lục con cá đắt nhất từng được bán đấu giá trước đó với mức giá 155 triệu yên (33 tỷ VND) được trả vào năm 2013. Con cá ngừ vây xanh nặng 612 lbs (278 kg) này được cho là bị bắt gần khu vực phía bắc Nhật Bản Aomori và được coi là một trong những phiên bản rất cao cấp của loại cá ngừ vây xanh.\r\n\r\nNhận xét về thị trường, ông Kimura chủ tịch của chuỗi nhà hàng sushi Sushi-Zanmai, cho biết: “Tôi đã dự đoán con cá có thể sẽ nằm trong khoảng từ 30 triệu đến 50 triệu yên(7 -10 tỷ VND), hoặc tối đa là 60 triệu yên (13 tỷ VND), nhưng nó đã kết thúc tốn kém gấp 5 lần”. Ông cũng cho biết thêm, “Cá có vẻ rất ngon vì nó béo và rất tươi. Nó là một con cá ngừ tuyệt vời. Tuy nhiên, tôi nghĩ rằng mình đã trả quá nhiều tiền”.\r\n\r\nChợ cá Tsukiji nổi tiếng của thị trấn gần đây đã được chuyển đến khu vực mới của thành phố có tên là khu vực Toyosu, vào cuối năm ngoái để mở đường cho Thế vận hội 2020. Chợ cá nổi tiếng với các cuộc đấu giá cá ngừ trước bình minh, một dạng nghi lễ sẽ vẫn tiếp tục ở địa điểm mới.</p>\r\n<p><img src=\"https://cdn.24h.com.vn/upload/2-2019/images/2019-06-14/Chu-nha-hang-sai-sang-chi-tra-31-trieu-USD-cho-con-ca-ngu-dat-nhat-the-gioi-2-1560485337-622-width1024height682.jpg\" /></p>\r\n<p>Những người mua tiềm năng đi từng hàng cá ngừ khổng lồ mới đánh bắt, kiểm tra cá trước khi trả giá. Trung tâm chợ cá máy lạnh mới trị giá 5,3 tỷ USD tại Toyosu khác xa với sự bẩn thỉu của Tsukiji, nơi hoạt động như chợ cá quan trọng nhất của thành phố trong suốt 83 thập kỷ.\r\n\r\nCon cá được chụp tại một trong những nhà hàng của người mua gần chợ cá, được đăng trên trang chủ của nhà hàng cá Sushi Zanmai.\r\nCá ngừ vây xanh, trong số những loài có nguy cơ tuyệt chủng cao nhất, đã bị bắt ở ngoài khơi bờ biển phía tây Nhật Bản.\r\n\r\nLoài cá ngừ lớn nhất thế giới này có thể tồn tại tới 40 thập kỷ nhưng đã bị xâm phạm nghiêm trọng trong những năm gần đây do đánh bắt quá mức, như tuyên bố của quỹ bảo tồn thiên nhiên thế giới.\r\n\r\nNgư dân, được thúc đẩy bởi giá cao, đã bắt đầu sử dụng các chiến lược sáng tạo để bắt những con cá quý, khiến giống cá này sắp rơi vào tình trạng tuyệt chủng. Ước tính 80% sản lượng cá ngừ vây xanh trên thế giới thuộc về Nhật Bản được sử dụng trong các món sushi và sashimi.\r\n\r\nNhật Bản đã cố gắng nuôi cá ngừ vây xanh như một nguồn thay thế, nhưng loài cá này khó sản xuất ở quy mô công nghiệp do cần thời gian cần thiết để chúng phát triển hoàn toàn.</p>', 'Một chủ nhà hàng sushi Nhật Bản đã trả một mức giá khổng lồ lên tới 3.1 triệu USD (72 tỷ VND) cho một con cá ngừ vây xanh quý hiếm.', 'https://cdn.24h.com.vn/upload/2-2019/images/2019-06-14/Chu-nha-hang-sai-sang-chi-tra-31-trieu-USD-cho-con-ca-ngu-dat-nhat-the-gioi-1-1560485337-906-width1200height630.jpg', 1, 9213),
(10, 'Choáng với giá tiền của hộp sushi đắt nhất thế giới, đôi đũa dùng cũng phải \"xứng tầm\"', 10, 5, '2019-05-28', 1, '<p>Sushi là món ăn nhanh phổ biến và có mặt hầu như trên khắp thế giới. Đầu bếp người Philippines, Angelito Araneta Jr. đã tạo ra món sushi đắt nhất thế giới có giá lên tới 4300 USD (khoảng 100 triệu đồng).\r\n</p>\r\n<p>Ẩm thực Nhật Bản đã và đang phổ biến trên toàn thế giới. Không kém phần phổ biến là các món ăn Nhật Bản ở Philippines. Đầu bếp Angelito Araneta Jr., từ một nhà hàng ở Manila tên là Karat-Chef, đã làm một điều phi thường và đã thành công.</p>\r\n<p><img src=\"https://cdn.24h.com.vn/upload/2-2019/images/2019-06-14/Hop-sushi-dat-nhat-the-gioi-1-1560482557-874-width620height349.jpg\" /></p>\r\n<p>Để chuẩn bị món sushi đắt nhất thế giới, cần có các thành phần sau: gạo Nhật Bản, đường muscovado, nước nghệ ủ trong 70 năm, giấm balsamic 12 tuổi từ Ý, gan ngỗng, cá hồi Na Uy, xoài, dưa chuột muối, thịt cua, nghệ tây hoang dã và mayonnaise với bơ.\r\n\r\n</p>\r\n<p><img src=\"https://cdn.24h.com.vn/upload/2-2019/images/2019-06-14/Hop-sushi-dat-nhat-the-gioi-2-1560482557-321-width936height498.jpg\" /></p>\r\n<p>Tuy nhiên tất cả những thành phần này không đáng bằng 1/10 giá sushi đã nêu. Để làm cho món sushi này thực sự trở nên quý giá, đầu bếp đã thêm 12 viên đá quý hiếm được tìm thấy trên Palawan và 4 viên kim cương lớn của châu Phi, mỗi viên nặng 0,2 cara. Ngoài ra, tất cả sushi được bọc bằng một lá vàng 24 cara có thể ăn được.</p>\r\n', 'Sushi là món ăn nhanh phổ biến và có mặt hầu như trên khắp thế giới. Đầu bếp người Philippines, Angelito Araneta Jr. đã tạo ra ', 'https://cdn.24h.com.vn/upload/2-2019/images/2019-06-14/Hop-sushi-dat-nhat-the-gioi-1-1560482557-874-width620height349.jpg', 1, 6352),
(11, 'Những quán ăn đông nghịt khách ở phố núi Đà Lạt', 11, 6, '2019-06-01', 1, '<p>Quán bún riêu có thâm niên 20 năm hay quán lẩu gà lá é với món ăn mang hương vị the the, bùi bùi luôn là những quán ăn được nhiều người ưa thích ở xứ sở ngàn hoa.</p>\r\n<p>Quán bún riêu có thâm niên 20 năm, có ngày bán 500 tô\r\n\r\nĐây là món ăn không có xuất xứ từ Đà Lạt nhưng lại được rất nhiều du khách đến đây ưa thích. Quán nằm trên đường Nguyễn Văn Trỗi, phường 1 của bà Phạm Thị Lan. Theo bà, trung bình mỗi ngày, quán bán khoảng 60 kg bún. Vào mùa du lịch, thực khách đến đây đông nghịt và có ngày chủ quán không đủ nguyên liệu để bán. </p>\r\n<p><img src=\"https://cdn.24h.com.vn/upload/2-2019/images/2019-06-15/Nhung-quan-an-dong-nghit-khach-o-pho-nui-da-Lat-1-1560595855-749-width460height306.jpg\" /></p>\r\n<p>Để có được những nguyên liệu tươi ngon, ngay từ sáng sớm, bà đã cùng người thân đi chợ, tự tay chọn nguyên liệu về chế biến. Chính vì vậy mà tô bún tới tay thực khách đều rất tươi ngon và có màu sắc nổi bật. \r\n\r\nBát bún được dọn ra cho thực khác với miếng riêu cua chắc, thịt cua đậm đà. Ngoài ra bát bún còn có miếng huyết và xương heo, vài miếng cà chua đỏ. Nước dùng của bún riêu cua được pha chế đậm đà, tròn vị với vị chua thanh nhẹ của cà chua. Điểm đặc biệt ăn bát bún ở đây, du khách rất thích thú bởi được ăn kèm với nhiều rau. Một  bát bún thường có giá 25.000 đồng, chủ quán thường bán từ sáng cho tới 4-5h chiều. \r\n\r\nQuán lẩu gà lá é nườm nượp khách\r\n\r\nQuán lẩu gà lá e Tao Ngộ ở Đà Lạt từ lâu đã nổi tiếng, lúc nào cũng nườm nượp khách. Đây là món ăn được coi là sự kết hợp hoàn hảo giữa những miếng thịt gà tươi ngon, thịt thơm, dai và một chút chua cay của các nguyên liệu đi kèm như ớt, chanh, sả. \r\n\r\nVị nước dùng của món ăn này rất đặc trưng khiến thực khách khó lòng quên được. Món ăn này rất phù hợp với tiết trời se lạnh của Đà Lạt vào mỗi buổi tối. Lá é thực chất chính là tên gọi khác của một loại rau thơm phổ biến của vùng Nam Trung Bộ và cùng phố núi Tây Nguyên. Loài rau thơm này có họ hàng với rau húng quế. Nếu lần đầu nhìn sẽ thấy chúng trông chúng khá giống nhau.</p>\r\n<p><img src=\"https://cdn.24h.com.vn/upload/2-2019/images/2019-06-15/Nhung-quan-an-dong-nghit-khach-o-pho-nui-da-Lat-2-1560595855-689-width800height600.jpg\" /></p>\r\n<p>Khi ăn sống lá “é” sẽ thấy vị chua, chát rất khó ăn. Nhưng khi nhúng rau lá”é” này vào lẩu vừa tái, bạn sẽ cảm nhận được nước có vị the the và bùi bùi. Lá lé khi ăn với lẩu gà là một sự kết hợp hoàn hảo, tạo nên hương vị riêng biệt. \r\n\r\nBánh mì xíu mại\r\n\r\nBánh mì xíu mại là một món ăn quen thuộc của với nhiều người nhưng đến với thành phố Đà Lạt, bạn sẽ được thưởng thức hương vị riêng biệt.\r\n\r\nHầu hết xíu mại Đà Lạt được làm từ thịt nạc quết khéo nên có độ dẻo dai vừa đủ, nêm nếm cũng vừa phải nên hương vị nhẹ nhàng. Mỗi phần xíu mại có giá 10.000 đồng được bày trong chén nhỏ sâu lòng đầy nước súp bên trong có các viên xíu mại, chả que, da heo, rắc đầy hành bên trên. Thưởng thức một lần cái vị ngọt xương với cái cay nồng của ớt trong nước dùng kết hợp bánh mì mới ra lò và hành hoa thanh thanh cùng miếng xíu mại dai dai, đậm đà, thơm béo khiến cho bạn “ấm lòng”.</p>\r\n', 'Quán bún riêu có thâm niên 20 năm hay quán lẩu gà lá é với món ăn mang hương vị the the, bùi bùi luôn là những quán ăn được nhiều người ưa thích ở xứ sở ngàn hoa.', 'https://cdn.24h.com.vn/upload/2-2019/images/2019-06-15/Nhung-quan-an-dong-nghit-khach-o-pho-nui-da-Lat-1-1560595855-749-width460height306.jpg', 1, 485),
(12, 'Món ăn nổi tiếng, gây thương nhớ ở phố núi Pleiku', 12, 6, '2019-06-02', 1, '<p>Chiếc bánh xèo đến tay thực khách lúc nào cũng nóng hổi, giòn rụm hay bát bún mắm thối với nước lèo mùi nồng nồng của mắm nguyên chất, nước cua lên men là những món ăn có thể gây thương nhớ đối với thực khách khi đến phố núi Pleiku.</p>\r\n<p>Quán bánh xèo thịt bò\r\n\r\nQuán bánh xèo của bà Nguyễn Thị Hoa (60 tuổi) đường Trần Bình Trọng, phường Diên Hồng là một trong những địa chỉ ăn sáng quen thuộc ở thành phố Pleiku (Gia Lai), khác với các loại bánh xèo khác là nhân được làm từ thịt bò. </p>\r\n<p><img src=\"https://cdn.24h.com.vn/upload/2-2019/images/2019-06-14/Mon-an-noi-tieng-gay-thuong-nho-o-pho-nui-Pleiku-1-1560473291-623-width680height453.jpg\" /></p>\r\n<p>Công thức làm bánh cũng không khác nhiều so với các vùng khác, khi có khách gọi món, chủ quán dùng chiếc vá đổ một lớp bột mỏng vào chảo rồi cho các loại nhân như giá, thịt vào rồi đậy vung lại. Chiếc bánh đến tay thực khách lúc nào cũng nóng hổi, giòn rụm. Khi thưởng thức, bạn sẽ cảm nhận mùi thơm của thịt bò, của các loại nguyên liệu hòa quyện lan tỏa trong vòm miệng. \r\n\r\nNgoài nhân thịt bò, bạn có thể gọi bánh xèo trứng, tôm hoặc thập cẩm theo ý thích. Mỗi chiếc bánh thông thường có giá 5.000 đồng, loại thập cẩm có giá gấp đôi.\r\n\r\nPhở khô (phở hai tô)\r\n\r\nDu khách đến thành phố cao nguyên Pleiku cũng không thể bỏ qua được món phở 2 tô nổi tiếng của người dân vùng đất này. Đây làm món ăn đặc trưng, góp phần tạo nên sự phong phú cho nền ẩm thực của cao nguyên. Phở hai tô độc đáo từ chính cách ăn. Nếu như các tô phở ở các nơi khác, nguyên liệu và nước lèo được dùng chung trong một tô, còn ở cao nguyên này, nước dùng sẽ được phục vụ riêng một tô khác. Người ăn sẽ thưởng thức phở riêng, rồi húp một ngụm nhỏ nước lèo, ăn kèm rau sống và một chút tương đen đặc biệt, đặc chế biến theo phương thức gia truyền của mỗi quán.</p>\r\n<p><img src=\"https://cdn.24h.com.vn/upload/2-2019/images/2019-06-14/Mon-an-noi-tieng-gay-thuong-nho-o-pho-nui-Pleiku-2-1560473291-48-width1600height1173.jpg\" /></p>\r\n<p>Nguyên liệu dùng để chế biến món phở gồm sợi phở tròn, mảnh, không mềm và dẹt như phở thường. Bánh phở được làm hoàn toàn từ gạo nên sợi phở dai, thơm mà không bị vón nát... Khi ăn bạn sẽ cảm nhận một chút thơm thơm của bánh phở quyện lẫn chút ngọt đậm đà của thịt nạc bằm, một chút giá trần, chút hành phi thơm vàng và chút cay nồng của ớt. Tùy từng khẩu vị của mỗi thực khách mà có thể tự tay cho thêm chút xì dâu, chanh, giấm cho vừa miệng.</p>\r\n', 'Chiếc bánh xèo đến tay thực khách lúc nào cũng nóng hổi, giòn rụm hay bát bún mắm thối với nước lèo mùi nồng nồng của mắm nguyên chất', 'https://cdn.24h.com.vn/upload/2-2019/images/2019-06-14/Mon-an-noi-tieng-gay-thuong-nho-o-pho-nui-Pleiku-1-1560473291-623-width680height453.jpg', 1, 4856),
(13, 'Tam Đảo đi dễ khó về', 13, 7, '2019-05-02', 1, '<p>Từ sân bay quốc tế Nội Bài (Hà Nội), chúng tôi bắt xe lên Tam Đảo (Vĩnh Phúc), cách đó tầm 60 km, theo hướng đường cao tốc Nội Bài - Lào Cai...</p>\r\n<p>Xe có nhiều dạng, rao đầy trên mạng, nhiều nhất là taxi hay ôtô dịch vụ. Về giá, bạn chỉ nên tham khảo chứ đừng tin mấy trang quảng cáo \"nổ\". Phải gọi thẳng cho nhà xe, hỏi kỹ giá trọn gói, đồng ý thì đi. Còn không, nên đặt vé xe limousine cho rẻ, chỉ tầm 120.000 - 150.000 đồng/ghế. Nhưng xe này chạy theo giờ, cũng có chút bất tiện vì không phải lúc nào bạn cũng đúng giờ bay.</p>\r\n<p><img src=\"https://cdn.24h.com.vn/upload/2-2019/images/2019-06-10/Tam-dao-di-de-kho-ve-1-1560146427-561-width540height229.jpg\" /></p>\r\n<p>Trời hưng hửng nắng, hanh vàng. App thời tiết báo Tam Đảo đang 26 độ C, cảm thấy buồn nhẹ vì muốn nơi đến phải mát hơn, lạnh hơn thế. Tài xế như đoán được tiếng thở dài, bảo: \"Bác mà đi hôm qua thì tuyệt. Hôm qua trên ấy mây giăng suốt ngày, như chốn thần tiên. Em ở đó chơi mãi, đợi khách, tới 7 giờ tối mới xuống lại\".\r\n\r\nTới TP Vĩnh Yên, chạm ngã ba Tam Đảo thì rẽ vào, bắt đầu cung đường đèo tầm 14 km. Trời bắt đầu nhả mưa, tối dần, gió quất vào hông xe xoàn xoạt. Cung đường này mới được đầu tư xây dựng nên rất tốt, mỗi tội không được rộng và cua tay áo rất nhiều. Ai không quen ngồi ôtô hoặc bị ngợp độ cao sẽ cảm thấy luôn nhờn nhợn trong cổ họng và thấp thỏm theo từng khúc gấp chữ Z.\r\n\r\nChinh phục độ cao gần 1.000 m so với mặt nước biển, một Tam Đảo chẳng khác gì Đà Lạt hay Sa Pa hiện ra trước mắt, bàng bạc trong sương.\r\n\r\nXe dừng, cửa mở, gió thốc vào, lạnh căm, ước chừng 19 độ C. Đang xuýt xoa, co ro cố quen với cái lạnh bất chợt thì mây và sương trắng từ đâu sà tới, lấm tấm ướt dưới chân. Tam Đảo đón chào người bạn mới đến bằng \"đặc sản\" sương mây thế này đây!</p>\r\n<p><img src=\"https://cdn.24h.com.vn/upload/2-2019/images/2019-06-10/Tam-dao-di-de-kho-ve-2-1560146427-819-width540height405.jpg\" /></p>\r\n<p>Rất khác so với 1.000 m dưới kia là Vĩnh Yên hay xa chút là Hà Nội, xa hơn nữa là miền Trung - nơi chúng tôi vừa rời đi, đang chịu cái nắng nóng 36 độ C, sau trưa đầu hè mà trời Tam Đảo tựa hồ chiều đông xứ Bắc. Mát mẻ, thưa vắng, bình yên. Đứng trên tầng cao của nhà lưu trú phóng tầm mắt xuống những cung đường bên dưới, thấy thấp thoáng người và xe từ từ \"bò\" lên từng con dốc để vào trung tâm thị trấn Tam Đảo. Hầu hết là dân xứ khác đến đây du lịch, đi theo nhóm bạn, gia đình và công ty, nhiều nhất là những cặp tình nhân. Họ đến Tam Đảo để sống chậm.</p>\r\n', 'Từ sân bay quốc tế Nội Bài (Hà Nội), chúng tôi bắt xe lên Tam Đảo (Vĩnh Phúc), cách đó tầm 60 km, theo hướng đường cao tốc Nội Bài - Lào Cai...', 'https://cdn.24h.com.vn/upload/2-2019/images/2019-06-10/Tam-dao-di-de-kho-ve-1-1560146427-561-width540height229.jpg', 1, 5468),
(14, 'Top 3 công viên không thể bỏ qua khi về thăm thủ đô Hà Nội', 14, 7, '2019-05-07', 1, '<p>Dưới đây là top 3 công viên đẹp và nổi tiếng mà các bạn trẻ và gia đình không thể bỏ qua khi về thăm Hà Nội.</p>\r\n<b>1. Công viên nước Hồ Tây</b>\r\n<p><img src=\"https://cdn.24h.com.vn/upload/2-2019/images/2019-06-09/Top-3-cong-vien-khong-the-bo-qua-khi-ve-tham-thu-do-Ha-Noi-1-1560081785-411-width540height405.jpg\" /></p>\r\n<p>Công viên nước Hồ Tây là công viên nước lớn đầu tiên tại Hà Nội. Nằm trong khuôn viên rộng lớn, đa dạng các trò chơi được chia thành nhiều khu vực, công viên nước Hồ Tây luôn thu hút đông đảo các em nhỏ cũng như người lớn đến đây vào mỗi dịp hè. Tại công viên không chỉ có những bể tắm, bể trượt hiện đại mà còn có vô vàn trò chơi hấp dẫn như: cầu lông, tennis, bóng bàn, bi-a và các trò chơi mạo hiểm.\r\n\r\nCông viên nước Hồ Tây nằm trên đường Lạc Long Quân, phường Nhật Tân, quận Tây Hồ, Hà Nội.</p>\r\n<b>2. Công viên nước Thanh Hà</b>\r\n<p><img src=\"https://cdn.24h.com.vn/upload/2-2019/images/2019-06-09/Top-3-cong-vien-khong-the-bo-qua-khi-ve-tham-thu-do-Ha-Noi-2-1560081785-330-width960height640.jpg\" /></p>\r\n<p>Công viên nước Thanh Hà được đầu tư đồng bộ hiện đại với những thiết kế độc đáo nhiều màu sắc rực rỡ, cùng nhiều trò chơi hấp dẫn. Đây là một địa điểm vui chơi giải trí lý tưởng cho các bạn trẻ trong dịp hè.\r\n\r\nCông viên nước Thanh Hà là một tổ hợp vui chơi giải trí, được đầu tư mới, đồng bộ. Đặc biệt, các bạn trẻ thích trải nghiệm và thích mạo hiểm thì đây sẽ là điểm đến lý tưởng. Với hệ thống trò chơi đa dạng phù hợp với mọi lứa tuổi, sẽ tạo cho các bạn cảm giác hứng khởi và lôi cuốn.\r\n\r\nCông viên nước Thanh Hà và nhà thi đấu đa năng Thanh Hà sẽ được ban tổ chức Seagame 31 lựa chọn là điểm thi đấu. Nơi đây cũng được rất nhiều tổ chức quốc tế đánh giá rất cao về mặt thẩm mỹ và chất lượng dịch vụ. Nơi đây kèm theo hệ thống nhà hàng Mường Thanh đạt tiêu chuẩn 5 sao được đầu tư bởi Tập đoàn Mường Thanh.\r\n\r\nVới vị thế nằm ngay tại Trung tâm quận Hà Đông cách bờ hồ Hoàn Kiếm khoảng 15km, nơi đây sẽ là điểm vui chơi lý tưởng cho cả gia đình và người dân các tỉnh lân cận khi về thăm thủ đô Hà Nội.\r\n\r\nCông viên nước Thanh Hà nằm trên lô đất A2.2 trong Khu đô thị Mường Thanh Thanh Hà, phường Phú Lương, quận Hà Đông, Hà Nội.</p>\r\n<b>3. Công viên Thủ Lệ</b>\r\n<p><img src=\"https://cdn.24h.com.vn/upload/2-2019/images/2019-06-09/Top-3-cong-vien-khong-the-bo-qua-khi-ve-tham-thu-do-Ha-Noi-3-1560081785-761-width706height444.jpg\" /></p>\r\n<p>Công viên Thủ Lệ đây là công viên duy nhất nuôi thú tại Hà Nội, ở đây có rất nhiều các thú khác nhau. Không những vậy, đến đây các bạn còn có thể tham gia nhiều trò chơi giải trí độc đáo như đạp vịt, đu quay, nhà bóng…\r\n\r\nCó thể nói công viên Thủ Lệ chính là nơi gắn liền với tuổi thơ của nhiều bạn trẻ Hà Nội. Không những vậy, các bạn nhỏ từ các tỉnh về Hà Nội cũng luôn được bố mẹ đưa đến đây để tham quan.\r\n\r\nĐịa chỉ của công viên thủ lệ nằm góc đường Cầu Giấy - Kim Mã, quận Cầu Giấy, Hà Nội.</p>\r\n\r\n\r\n', 'Dưới đây là top 3 công viên đẹp và nổi tiếng mà các bạn trẻ và gia đình không thể bỏ qua khi về thăm Hà Nội.', 'https://cafebiz.cafebizcdn.vn/thumb_w/600/2019/1/1/1-15463147564261171605085-crop-1546314767404934592339.jpg', 1, 26345),
(15, 'Những điểm đến không thể bỏ lỡ khi tới Jeju - Hàn Quốc vào hè này', 15, 8, '2019-05-15', 1, '<b>Jeju được biết tới là hòn đảo của tình yêu, hòn đảo của những bộ phim Hàn Quốc lãng mạn, tuy nhiên đó mới chỉ là một góc nhỏ của Jeju bởi nơi đây còn muôn vàn điều thú vị khác.</b>\r\n<p>Dưới đây sẽ là những địa điểm nhất định bạn phải ghé qua khi tới hòn đảo Jeju xinh đẹp để hiểu hơn về văn hoá, con người nơi đây với góc nhìn rất riêng.</p>\r\n<b>Bảo tàng thôn quê Jeju – Nơi cất giữ những câu chuyện đời thường</b>\r\n<p>Những bộ phim lãng mạn vẽ nên một Jeju của thế kỷ 21, vậy thế kỷ 19 hòn đảo xinh đẹp này thế nào? Câu trả lời nằm ở hành trình khám phá bảo tàng thôn quê của Jeju.\r\n\r\n</p>\r\n<p><img src=\"https://cdn.24h.com.vn/upload/2-2019/images/2019-06-15/Nhung-diem-den-khong-the-bo-lo-khi-toi-Jeju---Han-Quoc-vao-he-nay-1-1560599287-281-width640height425.jpg\" /></p>\r\n<p>Được mệnh danh là “nơi cất giữ những câu chuyện đời thường”, bảo tàng thôn quê Jeju kể cho chúng ta về một Jeju hoàn toàn khác, một Jeju của 200 năm về trước, một Jeju hoang sơ, vắng vẻ với chỉ 100 ngôi nhà trên đảo. Bên cạnh đó là hơn 8000 tạo tác khảo cổ được lưu giữ và trưng bày trong những ngôi nhà đã vẽ nên bức tranh cuộc sống của người dân nơi đây một cách sinh động.\r\n\r\nĐặc biệt, những bạn trẻ tới Jeju thường mách nhau tới ngôi nhà thầy bói để được tiên đoán trước vận mệnh của mình cũng như tìm hiểu về một văn hoá cổ xưa của Hàn Quốc. Đây sẽ là những trải nghiệm thú vị giúp bạn hiểu hơn về văn hoá, con người và lịch sử của Jeju.</p>\r\n<b>Hallasan National Park – Khám phá ngọn núi cao nhất xứ Hàn</b>\r\n<p>Là vườn quốc gia thứ 9 tại Hàn Quốc, Hallasan National Park là một trong những điểm đến hấp dẫn tại Jeju cho những bạn trẻ yêu thích khám phá thiên nhiên.</p>\r\n<p><img src=\"https://cdn.24h.com.vn/upload/2-2019/images/2019-06-15/Nhung-diem-den-khong-the-bo-lo-khi-toi-Jeju---Han-Quoc-vao-he-nay-2-1560599287-736-width640height427.jpg\" /></p>\r\n<p>Hallasan National Park là nơi sinh sống của khoảng 1800 loài thực vật. Do đó, tới Hallasan National Park bạn như được thả vào khu rừng tự nhiên của Jeju. Đặc biệt, nơi đây có ngọn núi cao nhất Hàn Quốc với độ cao 1950m so với mực nước biển, do đó Hallasan National Park cũng là địa điểm lý thú cho những người đam mê bộ môn thể thao leo vui và tự tin hét vang tên mình trên “nóc nhà của xứ Kim Chi”.</p>\r\n<b>Công viên nước Jeju Water World – Thánh địa cho những tâm hồn yêu cuộc sống</b>\r\n<p>Nếu đã thấm mệt với cuộc hành trình khám phá ngọn núi cao nhất xứ Hàn thì công viên nước Jeju Water World sẽ là địa điểm tuyệt vời giúp bạn thư giãn, lấy lại động lực để tiếp tục cuộc hành trình khám phá Jeju.</p>\r\n<p><img src=\"https://cdn.24h.com.vn/upload/2-2019/images/2019-06-15/Nhung-diem-den-khong-the-bo-lo-khi-toi-Jeju---Han-Quoc-vao-he-nay-3-1560599287-95-width640height399.jpg\" /></p>\r\n<p>Tại đây bạn sẽ cảm nhận được sự thoải mái với phòng xông hơi thảo dược và nghỉ ngơi tại nhà tắm công cộng kiểu Hàn Quốc. Không dừng ở đó, bạn còn được massage ở Samda Water Tangerine Spa và ngâm mình trong nước thơm hoà tinh dầu quýt Jeju để tái tạo năng lượng, cũng như giúp phòng ngừa một số căn bệnh về tim mạch.\r\n\r\nNgoài ra, bạn còn có thể khám phá muôn vàn trò chơi, trượt nước, lướt sóng để lưu giữ lại những kỷ niệm ngọt ngào cho chuyến đi Hàn Quốc.</p>', 'Jeju được biết tới là hòn đảo của tình yêu, hòn đảo của những bộ phim Hàn Quốc lãng mạn, tuy nhiên đó mới chỉ là một góc nhỏ của Jeju bởi nơi đây còn muôn vàn điều thú vị khác.', 'https://cdn.24h.com.vn/upload/2-2019/images/2019-06-15/Nhung-diem-den-khong-the-bo-lo-khi-toi-Jeju---Han-Quoc-vao-he-nay-2-1560599287-736-width640height427.jpg', 1, 2456),
(16, 'Loạt ảnh check-in đẹp như mơ của cô gái đầu tiên đi hết các quốc gia trên thế giới', 16, 8, '2019-05-02', 1, '<b>Cô gái trẻ người Mỹ khiến cả thế giới nể khi chinh phục hết các nước trên thế giới với thời gian nhanh nhất.</b>\r\n<p>Lexie Alford, 21 tuổi, người Mỹ đã trở thành người trẻ nhất và hoàn thành nhanh nhất việc du lịch 196 quốc gia và vùng lãnh thổ trên thế giới. Vào ngày 2/6/2019, cô nàng đã đăng một bức ảnh trên Instagram với chú thích: “Chính thức đi đến mọi quốc gia trên thế giới”. Bức ảnh chụp cô nàng đang cầm một tờ giấy có ghi chữ: “Triều Tiên ngày 31 tháng 5 năm 2019, quốc gia thứ 196”. Trên trang web riêng của Lexie Alford hiển thị đầy đủ tên các quốc gia cô đã đi qua và số lượng nước mà cô chưa ghé thăm đã nhảy về con số 0.\r\n\r\nChia sẻ với Boredpanda, Alford cho biết mọi người thích du hành vào vũ trụ hơn là khám phá hết các quốc gia trên trái đất. Và bây giờ cô đã trở thành người phụ nữ trẻ nhất đặt chân tới 196 quốc gia và vùng lãnh thổ trên thế giới. Sau khi tốt nghiệp đại học cộng đồng vào năm 18 tuổi, dù phải chịu nhiều áp lực về việc tiếp tục việc học nhưng cô gái trẻ đã quyết định niềm đam mê du lịch của mình.\r\n\r\nAlford đã ghi lại nhiều chuyến đi của cô ấy trên khắp thế giới không chỉ trên blog cá nhân mà thường xuyên cập nhật những khoảnh khắc trong những chuyến đi trên Instagram cá nhân. Hiện tại Instagram cá nhân của cô có khoảng 235 nghìn lượt follow với hơn 400 hình ảnh.\r\n\r\nVà dưới đây là một số hình ảnh check-in của cô gái 21 tuổi trong hành trình chinh phục các quốc gia trên thế giới:</p>\r\n<p><img src=\"https://cdn.24h.com.vn/upload/2-2019/images/2019-06-15/1560565826-311-loat-anh-check-in-dep-nhu-mo-cua-co-gai-dau-tien-di-het-cac-quoc-gia-tren-the-gioi-1-1560508171-width650height445.jpg\" /></p>\r\n<p>1. Việt Nam</p>\r\n<p><img src=\"https://cdn.24h.com.vn/upload/2-2019/images/2019-06-15/1560565826-149-loat-anh-check-in-dep-nhu-mo-cua-co-gai-dau-tien-di-het-cac-quoc-gia-tren-the-gioi-2-1560508171-width650height813.jpg\" /></p>\r\n<p>2. Ukraine</p>\r\n<p><img src=\"https://cdn.24h.com.vn/upload/2-2019/images/2019-06-15/1560565827-738-loat-anh-check-in-dep-nhu-mo-cua-co-gai-dau-tien-di-het-cac-quoc-gia-tren-the-gioi-3-1560508171-width650height650.jpg\" /></p>\r\n<p>3. Madagascar</p>\r\n<p><img src=\"https://cdn.24h.com.vn/upload/2-2019/images/2019-06-15/1560565827-437-loat-anh-check-in-dep-nhu-mo-cua-co-gai-dau-tien-di-het-cac-quoc-gia-tren-the-gioi-4-1560508171-width650height650.jpg\" /></p>\r\n<p>4. Jordan</p>\r\n<p><img src=\"https://cdn.24h.com.vn/upload/2-2019/images/2019-06-15/1560565827-556-loat-anh-check-in-dep-nhu-mo-cua-co-gai-dau-tien-di-het-cac-quoc-gia-tren-the-gioi-5-1560508171-width650height813.jpg\" /></p>\r\n<p>5. Mauritius</p>\r\n<p><img src=\"https://cdn.24h.com.vn/upload/2-2019/images/2019-06-15/1560565827-213-loat-anh-check-in-dep-nhu-mo-cua-co-gai-dau-tien-di-het-cac-quoc-gia-tren-the-gioi-6-1560508171-width650height813.jpg\" /></p>\r\n', 'Cô gái trẻ người Mỹ khiến cả thế giới nể khi chinh phục hết các nước trên thế giới với thời gian nhanh nhất.', 'https://cdn.24h.com.vn/upload/2-2019/images/2019-06-15/1560565827-213-loat-anh-check-in-dep-nhu-mo-cua-co-gai-dau-tien-di-het-cac-quoc-gia-tren-the-gioi-6-1560508171-width650height813.jpg', 1, 2458);
INSERT INTO `baibao` (`idBaiBao`, `TenBaiBao`, `ChuyenMuc`, `TacGia`, `NgayDang`, `TrangThai`, `NoiDung`, `NoiDungTomTat`, `AnhDaiDien`, `Premium`, `luotXem`) VALUES
(17, 'Làm sữa đậu nành bán, cả nhà có tài sản hơn 34.000 tỷ', 17, 9, '2019-06-12', 3, '<b>Biết được giá trị dinh dưỡng của sữa đậu nành, người đàn ông ở Hong Kong (Trung Quốc) đã mang về doanh thu khủng.</b>\r\n<p>Năm 1936, khi tùy viên thương mại Mỹ Julian Arnold đến Trung Quốc, ông đã nhắc đến những ưu điểm của đậu nành. Ông gọi đó là \"chú bò của Trung Quốc\" và giải thích rằng nó chứa nhiều dinh dưỡng như sữa. Bài phát biểu đã truyền cảm hứng cho ông Lo Kwee-seong thành lập công ty sản xuất sữa đậu nành 4 năm sau đó tại Hong Kong (Trung Quốc). \r\n\r\nCông ty được thành lập với số vốn ban đầu là 15.000 đô la Hong Kong (~44 triệu đồng). Nhà máy được đặt tại Causeway Bay (Hong Kong, Trung Quốc). Công ty bắt đầu hoạt động từ ngày 9/3/1940. Một ngày sau đó, 9 chai sữa đã được sản xuất ra với giá bán 6 xu. Công ty thuê 12 người đạp xe giao tận cửa cho khách. Một năm sau đó, mỗi ngày, công ty bán được 10.000 chai.</p>\r\n<p><img src=\"https://cdn.24h.com.vn/upload/2-2019/images/2019-06-11/1560248701-845-sua-1560244311-width650height390.jpg\" /></p>\r\n<p>Tuy nhiên, công ty phải tạm ngừng sản xuất do chiến tranh. Sau đó, ông Lo Kwee-seong đã vay 50.000 đô la Hong Kong (~148 triệu đồng) từ một người bạn, sản phẩm sữa đậu nành lại được sản xuất. Khoản vay này được trả trong 1 năm. Ba năm sau đó, sản phẩm sữa đậu nành của công ty đạt được sự cải tiến hơn khi có dây chuyền khử trùng, nghĩa là không cần làm lạnh trước khi bán ra.\r\n\r\nCuối những năm 1960, Vitasoy chiếm 25% thị trường nước giải khát Hong Kong. Năm 1968, ước tính công ty bán ra 78 triệu chai sữa đậu nành.</p>\r\n<b>Tăng trưởng mạnh mẽ</b>\r\n<p>Ngày nay, công ty Vitasoy International Holdings Ltd của ông Lo Kwee-seong bán sản phẩm sữa đậu nành tại 40 thị trường trên thế giới từ Mỹ đến Australia, trong đó thị trường Trung Quốc đại lục chiếm hơn 1/2 doanh thu. Cổ phiếu của nhà sản xuất sữa đậu nành này tăng hơn 3.500% kể từ khi chào bán lần đầu ra công chúng năm 1994. Hiện, 8 thành viên trong gia đình Lo đang sở hữu 1,5 tỷ USD (~34.919 tỷ đồng).\r\n\r\nGiá trị của thị trường sữa đậu nành toàn cầu đạt 15,3 tỷ USD trong năm 2018 và doanh số bán sữa đậu nành có hương vị dự kiến tăng 6,3% mỗi năm giai đoạn từ 2019 đến năm 2015 - theo số liệu báo cáo hồi tháng 4 của Grand View Research Inc.</p>\r\n<p><img src=\"https://cdn.24h.com.vn/upload/2-2019/images/2019-06-11/1560248701-306-sua-2-1560244311-width650height371.jpg\" /></p>\r\n<p>Vitasoy hiện là một trong những thương hiệu dễ nhận biết nhất ở Hong Kong (Trung Quốc) với các sản phẩm được bán trong các cửa hàng tiện lợi, siêu thị và bán qua mạng. Cổ phiếu của hãng này tăng lên mức kỷ lục hôm thứ Ba (4/6) và tăng 44% trong năm nay.\r\n\r\nVitasoy công bố doanh thu đạt 4,45 tỷ USD trong 6 tháng kết thúc hôm 30/9/2018, tăng 22% so với một năm trước đó. \r\n\r\nNgười sáng lập Lo Kwee-seong qua đời năm 1995, tức một năm sau khi công ty Vitasoy tiến hành IPO. Thời điểm đó giá trị của công ty là 200 triệu USD. Một số thành viên nhà họ Lo vẫn đang điều hành công ty trong đó có con trai cả Winston - đảm nhận chức chủ tịch Vitasoy. Hiện, Vitasoy trị giá khoảng 5,8 tỷ USD.\r\n\r\nKhi công ty sắp tiến tới mốc 80 năm thành lập,  Vitasoy cũng đa dạng hóa sản phẩm thêm nước tinh khiết, nước ép, trà chanh, đậu phụ... và định vị sản phẩm sữa đậu nành của công ty như một loại sản phẩm tự nhiên và tốt cho sức khỏe.</p>\r\n', 'Biết được giá trị dinh dưỡng của sữa đậu nành, người đàn ông ở Hong Kong (Trung Quốc) đã mang về doanh thu khủng.', 'https://cdn.24h.com.vn/upload/2-2019/images/2019-06-11/1560248701-845-sua-1560244311-width650height390.jpg', 1, 568),
(18, 'Phát tài nhờ dịch vụ thiết kế chữ ký rồi bán giá 1,8 triệu/chữ', 18, 9, '2019-05-15', 1, '<b>Đối với một người bình thường, có một chữ ký đẹp mắt không phải là vấn đề lớn, nhưng đối với những người kinh doanh và những người của công chúng thì chữ ký dường như khá quan trọng.</b>\r\n<p>Một chữ ký mạnh mẽ nhưng thanh lịch thể hiện sự tự tin và có thể giúp xây dựng niềm tin giữa các đối tác kinh doanh, do đó, không có gì lạ khi một số người bỏ ra rất nhiều tiền để tìm cho mình một chữ ký từ nhà thiết kế.\r\n\r\nIvan Kuzin, một sinh viên 20 tuổi đến từ Krasnoyarsk, Nga, đã tạo ra một dịch vụ trực tuyến hái ra tiền nhờ tư vấn, dạy cách ký đẹp cho các doanh nhân và người nổi tiếng. Anh đã nảy ra ý tưởng vào năm ngoái khi phải đổi hộ chiếu. Lúc này, Kuzin cảm thấy không thích chữ ký cũ của mình nên nhờ Anastasia Zdor, một người bạn từng học thư pháp trong lúc du học Trung Quốc giúp anh tạo ra chữ ký mới thật đẹp.</p>\r\n<p><img src=\"https://cdn.24h.com.vn/upload/2-2019/images/2019-06-05/1559729978-5-nam-sinh-phat-tai-nho-dich-vu-day-cach-ky-ten-a1-1559644577-width800height420.jpg\" /></p>\r\n<p>Zdor đã thiết kế một chữ ký đẹp cho Ivan Kuzin và sau đó kiên nhẫn dạy anh cách tự viết. Toàn bộ quá trình khiến Ivan suy nghĩ về việc tạo ra một dịch vụ tạo chữ ký theo đơn đặt hàng để lấy tiền.\r\n\r\nIvan đã đăng ký một công ty với tên Write Tight, mở một tài khoản Instagram, đăng một số hình ảnh về chữ ký do Anastasia tạo, và chi 15.000 rúp (hơn 5,3 triệu VND) cho các hoạt động quảng cáo trực tuyến. Khách hàng đầu tiên liên lạc với họ chỉ trong vòng 12 tiếng đồng hồ sau đó. Các đơn đặt hàng mới cũng dần nhiều lên và khi đạt đến số lượng là 40, Kuzin phải thuê thêm một chuyên gia thư pháp nữa vì Zdor không có đủ thời gian đáp ứng hết yêu cầu của khách hàng.\r\n\r\nCông ty Write Tight ra mắt vào tháng 12 năm 2018 và đến tháng 5 năm 2019, doanh thu của công ty lên tới 2 triệu rúp (hơn 700 triệu VND). Hiện tại có hai nghệ sĩ thư pháp khác làm việc cùng với Anastasia. Hiện tại, công ty này đã có tám người làm việc khác, bao gồm một nhiếp ảnh gia, một người quản lý bán hàng và một trưởng phòng kinh doanh.\r\n\r\nIvan phụ trách các chiến lược thử nghiệm, thuê nhân viên và quản lý chung, trong khi Anastasia chăm sóc khía cạnh nghệ thuật chuyên môn của công ty. Vì mọi thứ được thực hiện trực tuyến nên công ty không có văn phòng, mọi người đều làm việc tại nhà riêng.</p>\r\n<p><img src=\"https://cdn.24h.com.vn/upload/2-2019/images/2019-06-05/1559729978-204-nam-sinh-phat-tai-nho-dich-vu-day-cach-ky-ten-60098217_984174075118336_9025166460589121791_n-1559644692-width1080height1080.jpg\" /></p>\r\n<p>Việc tạo một chữ ký cơ bản có giá 5.000 rúp (gần 1,8 triệu VND). Write Tight hiện nhận được hai đến ba đơn hàng mỗi ngày, nhưng nhu cầu chắc chắn sẽ tăng lên, vì vậy Ivan tự tin rằng vào cuối năm 2019, doanh thu của công ty sẽ tăng lên gấp năm lần. Anh đã lên kế hoạch mở rộng quy mô dịch vụ thư pháp ngoài chữ ký, chẳng hạn như các khóa học thư pháp, phân phối bút máy cao cấp và hướng dẫn cải thiện chữ viết tay.\r\n\r\nIvan Kuzin nói rằng phần lớn khách hàng của Write Tight đến từ các thành phố lớn của Nga như Matx-cơ-va và Saint Petersburg, nhưng cũng đến từ các quốc gia nước ngoài như Đức, Anh, Israel và Hoa Kỳ. Trong số 400 đơn đặt hàng mà công ty đã nhận được cho đến nay, chỉ có 50 đơn hàng là của phụ nữ.</p>\r\n', 'Đối với một người bình thường, có một chữ ký đẹp mắt không phải là vấn đề lớn, nhưng đối với những người kinh doanh và những người của công chúng thì chữ ký dường như khá quan trọng.', 'https://cdn.24h.com.vn/upload/2-2019/images/2019-06-05/1559729978-5-nam-sinh-phat-tai-nho-dich-vu-day-cach-ky-ten-a1-1559644577-width800height420.jpg', 1, 12423),
(19, 'Giá căn hộ “cao cấp” khu vực Nam Từ Liêm tăng mạnh!', 19, 10, '2019-06-21', 1, '<b>Sau khi đi vào hoạt động, căn hộ cao cấp tọa lạc ở vị trí đất vàng quận Nam Từ Liêm tăng giá mạnh. Theo các chuyên gia, trong bối cảnh quỹ đất ngày càng cạn kiệt, nguồn cung khan hiếm, những dự án cao cấp có vị trí đắc địa sẽ tiếp tục tăng giá trong tương lai. Giá bán còn tăng mạnh.</b>\r\n<p>Trong khi giá bán căn hộ cao cấp tại các quận như Hà Đông, Thanh Xuân giậm chân tại chỗ hoặc có xu hướng giảm nhẹ thì căn hộ cao cấp khu vực trung tâm Quận Nam Từ Liêm lại chứng kiến mức tăng mạnh mẽ. \r\n\r\nGiai đoạn 2017-2018 giá bán căn hộ Thăng Long City với giá 15.5 triệu đồng/m2, đầu năm nay giá giao dịch các căn hộ là 18.5 – 19.5 triệu đồng/m2. Dự kiến giai đoạn 2020 – 2021 các căn hộ thuộc dự án này có giá giao động từ 22-24tr/m2. Các căn hộ thuộc dự án này đều chứng kiến mức tăng giá ngoạn mục. Theo đó, giá bán sơ cấp nhiều năm trước chỉ đạt 15-16 triệu đồng/m2 thì nay giá chào bán thành công dao động từ 18.5 - 19.5 triệu đồng/m2. (Kết quả khảo sát của Savills cũng cho thấy mức tăng ấn tượng của căn hộ cao cấp khu vực trung tâm ).</p>\r\n<p><img src=\"https://cdn.24h.com.vn/upload/2-2019/images/2019-06-14/Gia-can-ho-cao-cap--khu-vuc-Nam-Tu-Liem-tang-manh-nam-tu-liem-1-1560504049-512-width660height440.jpg\" /></p>\r\n<p>Theo ông Dương Đức Hiển, Giám đốc Bộ phận Kinh doanh Nhà ở Savills Hà Nội số lượng căn hộ cao cấp, đạt chuẩn tại trung tâm các quận vẫn có khả năng tăng giá trong tương lai do nguồn cung ngày càng khan hiếm và quỹ đất tại đây cũng ngày càng cạn kiệt. \r\n\r\nBên cạnh đó, các dự án chỉ thực sự có khả năng tăng giá trị thật sau khi đã đi vào hoạt động từ 2-3 năm, dựa trên các tiêu chí về chất lượng tòa nhà, chất lượng quản lý vận hành và đối tượng cư dân ở tòa nhà đó. Các yếu tố này sẽ hình thành các tập khách thuê và góp phần tạo nên mức giá thuê tốt cho dự án.</p>\r\n<b>Khan hiếm trầm trọng nguồn cung mới</b>\r\n<p>Không khó để nhận ra những dự án cao cấp có mức tăng giá mạnh đều tọa lạc tại các vị trí “đất vàng” của Hà Nội. Tại những quận này, quỹ đất gần như đã cạn kiệt nên nguồn cung mới vô cùng khan hiếm. Đơn cử, tại những quận trên, trong suốt quý 1, cả thị trường chỉ có khoảng 200 căn hộ được tung ra và nguồn hàng chủ yếu đến từ dự án cũ mở bán giai đoạn tiếp theo như của FLC Đại Mỗ, Các dự án Dương Nội, Các dự án của Trục Lê Văn Lương kéo dài, trên các khu vực lân cận của quận Thanh Xuân, Hà Đông.\r\n\r\nThời điểm quý 2/2019, điểm sáng duy nhất của nguồn cung căn hộ khu vực trung tâm phía Tây rơi vào quận Nam Từ Liêm. \r\n\r\nTheo ông Dương Đức Hiển, trong năm 2019, phân khúc nhà ở cao cấp có nhiều triển vọng tích cực do nhu cầu nâng cấp nhà ở ngày càng tăng từ các hộ gia đình khá giả. Bên cạnh đó, nhu cầu đầu tư của người nước ngoài cũng tăng trưởng mạnh mẽ. Nhiều dự án cao cấp tung hàng gần đây đều hoàn thành hạn ngạch 30% người nước ngoài mua nhà ngay trong sự kiện ra mắt. Do đó, những dự án tại các khu vực trung tâm sẽ không chỉ có tiềm năng tăng giá trong tương lai mà còn hứa hẹn khả năng thanh khoản cao.</p>\r\n\r\n', 'Sau khi đi vào hoạt động, căn hộ cao cấp tọa lạc ở vị trí đất vàng quận Nam Từ Liêm tăng giá mạnh. Theo các chuyên gia, trong bối cảnh quỹ đất ngày càng cạn kiệt, nguồn cung khan hiếm, những dự án cao cấp có vị trí đắc địa sẽ tiếp tục tăng giá trong tương lai. Giá bán còn tăng mạnh.', 'https://cdn.24h.com.vn/upload/2-2019/images/2019-06-14/Gia-can-ho-cao-cap--khu-vuc-Nam-Tu-Liem-tang-manh-nam-tu-liem-1-1560504049-512-width660height440.jpg', 1, 36488),
(20, 'Vụ gần 50% nhà ở xã hội sắm ô tô: Dẹp nạn \"trục lợi\" chính sách', 20, 10, '2019-06-26', 1, '<b>Lãnh đạo UBND tỉnh Bình Định yêu cầu, chấm dứt việc cho thuê, cho mượn căn hộ nhà ở xã hội. Nếu chủ sở hữu không thực hiện theo đúng thời hạn, sẽ bị cắt điện nước và thu hồi căn hộ.</b>\r\n<p>Ngày 14/6, Văn phòng UBND tỉnh Bình Định xác nhận, Phó Chủ tịch UBND tỉnh Phan Cao Thắng vừa ký văn bản về việc chỉ đạo kiểm tra, xử lý vi phạm trong việc quản lý, sử dụng nhà ở xã hội tại chung cư Phú Mỹ - Quy Nhơn và cao ốc Long Thịnh (TP.Quy Nhơn).\r\n\r\nTheo đó, các trường hợp chủ sở hữu ủy quyền cho người khác quản lý, sử dụng, cho thuê, cho mượn căn hộ, giao Sở Xây dựng mời chủ sở hữu để làm việc, yêu cầu sử dụng căn hộ của mình, chấm dứt cho thuê, cho mượn căn hộ.\r\n\r\nNếu sau ngày 31/7/2019 mà chủ sở hữu vẫn không thực hiện thì Sở Xây dựng yêu cầu các đơn vị cung cấp dịch vụ điện, nước thực hiện cắt điện, cắt nước và tổ chức thu hồi căn hộ theo quy định. Đặc biệt, không xác nhận đủ điều kiện để Sở TN&MT cấp giấy chứng nhận quyền sử dụng đất và tài sản gắn liền với đất.\r\n\r\nĐối với các trường hợp nhận bàn giao nhà mà chủ sở hữu vẫn không đưa vào sử dụng, Sở Xây dựng làm việc với chủ sở hữu để yêu cầu đưa căn hộ vào sử dụng, tránh lãng phí, nếu quá 36 tháng mà chủ sở hữu vẫn không đưa căn hộ vào sử dụng thì tổ chức thu hồi căn hộ theo quy định.</p>\r\n<p><img src=\"https://cdn.24h.com.vn/upload/2-2019/images/2019-06-14/Vu-gan-50-nha-o-xa-hoi-sam-o-to-Dep-nan-b11-1560500306-246-width622height416.jpg\" /></p>\r\n<p>Thời gian qua, việc sử dụng nhà ở xã hội tại chung cư Phú Mỹ - Quy Nhơn và cao ốc Long Thịnh (TP. Quy Nhơn) đã xảy ra hàng loạt các sai phạm liên quan đến việc cho thuê, chuyển nhượng căn hộ trái pháp luật.\r\n\r\nNhà chức trách địa phương cho biết, tình trạng biến tướng trong các dự án nhà ở xã hội đang diễn ra là một hệ lụy khiến người dân bức xúc. Sắp tới ngành chức năng sẽ xử lý nghiêm những người thuê, mua nhà ở xã hội để cho thuê lại kiếm lời không đúng đối tượng với giải pháp mạnh nhất là thu hồi.</p>\r\n<p><img src=\"https://cdn.24h.com.vn/upload/2-2019/images/2019-06-14/Vu-gan-50-nha-o-xa-hoi-sam-o-to-Dep-nan-b21-1560500306-162-width600height354.jpg\" /></p>\r\n<p>Trước đó, Dân Việt đã từng phản ánh, ông Ngô Hoàng Nam - Chủ tịch UBND TP.Quy Nhơn cho rằng, chung cư Long Thịnh là dự án nhà ở xã hội đầu tiên được xây dựng dành cho công nhân lao động, người thu nhập thấp. Thế nhưng, sau khi đi vào sử dụng thì tại đây đã xảy ra quá nhiều vấn đề phức tạp, khiến người dân liên tục phản ứng.\r\n\r\n“Đây là nhà ở xã hội dành cho người thu nhập thấp nhưng thực tế, sau khi vào ở thì 480 hộ dân ở đây có ô tô gần như 50%, ô tô chạy quá nhiều dẫn đến bức xúc chỗ đậu đỗ xe. Việc mua ô tô là nhu cầu chính đáng của người dân, không thể cấm họ mua ô tô, cái này rất khổ sở bởi trước đây đặc thù nhà ở xã hội nên không xây tầng hầm để ô tô. Nhà ở xã hội dành cho người không có đủ thu nhập để sắm ô tô nhưng thực tế bây giờ họ lại sắm ô tô quá nhiều”, ông Nam nói.\r\n\r\nThông tin gần 50% người thu nhập thấp sau khi có nhà ở xã hội tại chung cư Long Thịnh bất ngờ có ô tô mà người đứng đầu UBND TP.Quy Nhơn công bố, khiến dư luận nghi ngờ có tình trạng trục lợi chính sách, chen chân giành suất ở của dân lao động nghèo.</p>\r\n\r\n', 'Lãnh đạo UBND tỉnh Bình Định yêu cầu, chấm dứt việc cho thuê, cho mượn căn hộ nhà ở xã hội. Nếu chủ sở hữu không thực hiện theo đúng thời hạn, sẽ bị cắt điện nước và thu hồi căn hộ.', 'https://cdn.24h.com.vn/upload/2-2019/images/2019-06-14/Vu-gan-50-nha-o-xa-hoi-sam-o-to-Dep-nan-b11-1560500306-246-width622height416.jpg', 1, 515),
(21, 'TP. HCM - Thanh Hóa: Tiếc nuối cột dọc, hú vía phút bù giờ', 1, 1, '2019-05-01', 1, '<b>Trận đấu chứng kiến không ít cơ hội ngon ăn dành cho cả hai đội.</b>\r\n\r\n<p>Trận thắng của CLB Hà Nội trước Sài Gòn hôm thứ Năm có nghĩa khoảng cách với đội đầu bảng TP. HCM đã được rút ngắn còn 1 điểm cho đội bóng Thủ đô. TP. HCM do đó quyết định tung vào sân một đội hình tấn công với sự góp mặt của không chỉ chân sút chủ lực Vinicius mà cả cựu Vua phá lưới giải U21 báo Thanh Niên 2015 Phạm Văn Thành.</p>\r\n<p><a href=\"https://cdn.24h.com.vn/upload/2-2019/images/2019-06-15/62512262_325184015041263_3177081308505440256_n-660-1560603462-745-width660height439.jpg\"></p>\r\n<p>Thanh Hóa chủ động chơi phòng ngự phản công ngay từ đầu, do đó phía TP. HCM đẩy cao đội hình và cho các tiền vệ Văn Thuận & Hoàng Thịnh lên tham gia tấn công. Các cú sút xa của hai tiền vệ này đi không chính xác, và càng sang nửa sau hiệp 2 TP. HCM càng đa dạng cách tấn công khi kết hợp các pha đánh tuyến hai ở trung lộ với bóng bổng cho hai ngoại binh Vinicius và Ewonde.\r\n\r\nThanh Hóa dựa khá nhiều vào Rimario, người càng về cuối hiệp 1 càng lùi về giữa sân để tham gia phát triển bóng. Anh có một cú sút phạt trúng đích nhưng không thắng được Thanh Diệp ở phút 13, trước khi chuyền dài đưa Văn Thắng thoát xuống nguy hiểm sau đó 6 phút. Ngoại binh Kurtaj Gramoz cũng có một pha căng ngang cắt mặt cầu môn ở phút 25 nhưng may mắn cho TP. HCM không cầu thủ áo vàng nào chạm được vào bóng.\r\n\r\n\r\nCuối hiệp 1, TP. HCM có ít nhất 2 cơ hội nguy hiểm từ các pha xuống bóng ở trung lộ. Vinicius khởi xướng một pha bật tường trước khi Quang Nam sút chệch cột dọc, và ở phút 45+1 suýt nữa Văn Thành đã ghi bàn với pha đi bóng và cứa lòng chân phải đi sạt cầu môn.\r\n\r\nTP. HCM tung vào lão tướng Huỳnh Kesley trong hiệp 2 và những phút đầu hiệp họ tấn công hết sức sáng sủa. Văn Thành solo qua 3 cầu thủ Thanh Hóa nhưng sút chệch cột ở phút 49, và 1 phút sau Vinicius suýt nữa ghi bàn từ một cú ngả bàn đèn sau khi được Kesley căng ngang. Đến phút 60, Minh Trung thoát xuống bên cánh phải để căng ngang nhưng Vinicius băng vào quá nhanh và dứt điểm hỏng.\r\n\r\nNhanh chóng nhận ra vấn đề, HLV Đức Thắng tung Trọng Hùng và Hữu Dũng vào sân để củng cố tuyến giữa Thanh Hóa. Ngay sau đó Rimario gây ra một loạt nguy hiểm cho cầu môn TP. HCM, anh đã thoát xuống và vượt qua cả thủ môn Thanh Diệp nhưng lại đá trúng cột dọc trước khung thành trống. Phút 67, Rimario lại thoát xuống và Thanh Diệp lần này đã may mắn chỉ ăn thẻ vàng sau khi phạm lỗi với tiền đạo người Hà Lan ngoài vòng cấm, trước khi Trọng Hùng sút phạt đúng vào vị trí của anh.\r\n\r\nHLV Chung Hae Seong lập tức thay người, lần lượt tung Trần Thanh Bình và Hoàng Thiên vào sân. TP. HCM lấy lại thế trận nhưng ngoài cú sút xa của Hoàng Thịnh đi vọt xà ngang phút 83, họ không tạo thêm cơ hội đáng kể nào. Dù vậy họ lại suýt được biếu một chiến thắng muộn ở phút bù giờ khi thủ môn Bá Sơn của Thanh Hóa khống chế bóng hụt một cú đánh đầu không nguy hiểm của Vinicius và phải cố sức lao về chặn bóng đi qua vạch vôi.\r\n\r\nHòa 0-0, TP. HCM chỉ nới rộng cách biệt với đội nhì bảng Hà Nội lên 2 điểm. Trong khi đó, Thanh Hóa có trận thứ 7 liên tiếp bất bại và leo lên tận vị trí thứ 4, họ bằng 18 điểm với 5 CLB khác nhưng chỉ thua kém Than Quảng Ninh về hiệu số.</p>\r\n', 'Ngoại binh Rimario của CLB Thanh Hoá không thể giữ được bình tĩnh sau trận đấu với chủ nhà TP HCM thuộc vòng 13 của V-League 2019 trên sân Thống Nhất tối ngày 15/6.', 'https://cdn.24h.com.vn/upload/2-2019/images/2019-06-15/64583289_367977023923004_7695217514682253312_n-660-1560607424-53-width660height502.jpg', 1, 354),
(22, 'Park Hang Seo, Son Heung-min, ĐT U20: Người Hàn Quốc “đại náo” túc cầu thế giới', 1, 1, '2019-05-01', 1, '<b>Từ châu Á sang châu Âu, rồi ra cả đấu trường thế giới, người Hàn Quốc đang cho thấy tầm ảnh hưởng mạnh mẽ.</b>\r\n\r\n<p>Năm 2019 chắc chắn là một năm đáng nhớ của bóng đá Hàn Quốc, một phần nhờ vào những người Hàn Quốc xa xứ. HLV Park Hang Seo của ĐT Việt Nam và tiền đạo Son Heung-min của CLB Ngoại hạng Anh Tottenham là những cá nhân tiêu biểu. Cả hai đã và đang đạt được những chiến tích lớn lao ở cấp độ châu lục cho những đội bóng chủ quản, vượt lên trên những nghi ngờ về năng lực.</p>\r\n<p><a href=\"https://cdn.24h.com.vn/upload/2-2019/images/2019-06-13/Tu-Park-Hang-Seo-den-Son-Heung-min-Nguoi-Han-Quoc-dai-nao-lang-tuc-cau-parkrrr-1560438232-725-width660height440.jpg\"></p>\r\n<p>Được bổ nhiệm vào vị trí HLV trưởng các ĐT Việt Nam vào tháng 9/2017, HLV Park Hang Seo đã lần lượt chinh phục các CĐV Việt Nam bằng những chiến tích không tưởng với đội U23 và ĐTQG: vào chung kết U23 châu Á 2018, vào bán kết ASIAD 2018, vô địch AFF Cup 2018 và dừng bước ở tứ kết Asian Cup 2019 khi chỉ chịu thua một Nhật Bản hùng mạnh với cách biệt 1 bàn cùng một thế trận ngang cơ.\r\n\r\nTrong khi đó, Son Heung-min cũng đã có một trong những mùa giải đáng nhớ nhất tại Tottenham. Trong mười năm sau ngày tượng đài Park Ji-sung làm nên lịch sử với việc là người châu Á đầu tiên góp mặt trong một trận chung kết Champions League, đến lượt Son viết tiếp trang sử khi cùng Tottenham lọt vào trận chung kết Champions League 2018/19 với Liverpool sau những chiến thắng phút chót rực lửa.\r\n\r\n\r\nTừ một cầu thủ châu Á thuộc dạng kép phụ, Son từng bước vươn lên và trở thành trụ cột của Tottenham ở mùa giải năm nay, trở thành cây săn bàn chính của đội khi Harry Kane vắng mặt vì chấn thương. Trong khi đó, HLV Park Hang Seo cũng nhận nhiều sự nghi ngờ khi ký vào bản hợp đồng với LĐBĐ Việt Nam khi thành tích nổi trội nhất của ông là từng làm trợ lý cho HLV Guus Hiddink trong chiến tích giúp ĐT Hàn Quốc đứng thứ 4 thế giới ở kỳ World Cup 2002.\r\nTrước khi bắt đầu VCK U20 World Cup 2019, ít ai nghĩ được rằng những chàng trai trẻ của xứ \"Kim chi\" lại có thể tiến đến trận đấu cuối cùng. Tuy nhiên, U20 Hàn Quốc đã gây sửng sốt với những chiến thắng bất ngờ liên tiếp để cùng U20 Ukraine đá trận chung kết.\r\nU20 Hàn Quốc xếp thứ 2 ở bảng đấu có 2 “ông kẹ” là Argentina và Bồ Đào Nha, thậm chí thua ngay trận đầu trước Bồ Đào Nha nhưng đã xuất sắc hạ Argentina và Nam Phi để ghi danh vào vòng knock-out. Tại đây, U20 Hàn Quốc lần lượt hạ Nhật Bản, Senegal rồi Ecuador để tiến vào chung kết với Ukraine.\r\n\r\nTrong 6 trận đã chơi, U20 Hàn Quốc có 4 lần vươn lên dẫn bàn trước và họ thắng cả 4. Đáng nể phục hơn, trong trận đấu bị dẫn bàn trước gặp Senegal, không chỉ 1 lần mà hẳn 2 lần, U20 Hàn Quốc vẫn nỗ lực để gỡ hòa. Ở loạt luân lưu đầy căng thẳng, dù hỏng ở 2 loạt sút đầu nhưng U20 Hàn Quốc bằng bản lĩnh khó tin đã thắng lại Senegal 3-2. Tinh thần của nền bóng đá từng xếp thứ 4 thế giới đã được triệu hồi.\r\n\r\nTrong trận bán kết với U20 Ecuador, một thế trận quá hợp lý đã được U20 Hàn Quốc thi triển. Bàn thắng duy nhất của Choi Jun ở phút 39 đã giúp thầy trò HLV Chung Jung Yong giành quyền vào chung kết. Ngôi sao sáng nhất của U20 Hàn Quốc hiện tại là Lee Kang In, cầu thủ đang thuộc biên chế Valencia.\r\n\r\nSố 10 của U20 Hàn Quốc mới chỉ ghi được 1 bàn thắng nhưng có tới 4 kiến tạo quan trọng giúp đội nhà vượt qua những thử thách cực lớn như U20 Argentina hay U20 Senegal. Chính Lee Kang In là người đá phạt nhanh cực thông minh giúp Choi Jun ghi bàn trong trận bán kết vừa qua.\r\n\r\nLiệu tiền vệ sinh năm 2001 có tiếp tục tỏa sáng để giúp U20 Hàn Quốc giành chức vô địch thế giới? Đó sẽ là một chiến tích chấn động địa cầu và không thể quên với Lee Kang In.</p>\r\n', 'Từ châu Á sang châu Âu, rồi ra cả đấu trường thế giới, người Hàn Quốc đang cho thấy tầm ảnh hưởng mạnh mẽ.', 'https://cdn.24h.com.vn/upload/2-2019/images/2019-06-13/Tu-Park-Hang-Seo-den-Son-Heung-min-Nguoi-Han-Quoc-dai-nao-lang-tuc-cau-parkrrr-1560438232-725-width660height440.jpg', 1, 3545),
(23, 'Khốn khổ Solskjaer: Chủ Mỹ yêu chiều Martial, ủng hộ \"Pele của MU\" bật thầy', 1, 1, '2019-05-01', 1, '<b>MU kết thúc mùa giải 2018/19 trong nỗi thất vọng lớn lao. Tiền vệ Ander Herrera cho rằng các cầu thủ mới là người phải chịu trách nhiệm chính cho kết quả này. Nhưng có những người không nghĩ là như vậy.</b>\r\n\r\n<p>Có những cầu thủ không phải để bán. Tại MU, đó là Paul Pogba và... Anthony Martial. Tiền đạo người Pháp kết thúc mùa giải 2018/19 với 10 bàn thắng và 2 đường kiến tạo. Con số này tốt hơn so với mùa trước, nhưng còn kém xa mức kỳ vọng của người hâm mộ ở Martial.\r\n\r\n</p>\r\n<p><a href=\"https://cdn.24h.com.vn/upload/2-2019/images/2019-05-15/Khon-kho-Solskjaer-Chu-My-yeu-chieu-Martial-ung-ho-960-1557918820-247-width660height426.jpg\"></p>\r\n<p>Nhưng vấn đề tồn tại ở Anthony Martial không phải chuyên môn, mà là tinh thần thi đấu. Đại chiến giữa MU và Chelsea ở vòng 36 Ngoại hạng Anh - trận đấu được xem là \"chung kết top 4\", tiền đạo trẻ người Pháp khiến HLV Ole Gunnar Solskjaer một phen nổi giận.\r\n\r\nĐoạn clip ghi lại hình ảnh trong thời điểm hai đội khởi động trước trận, người ta thấy Martial đứng một mình, hai tay chắp phía sau, một châm giẫm lên quả bóng và... thảnh thơi quan sát đồng đội tập luyện. Martial hoàn toàn không khởi động, cho dù đây là một trận đấu mang ý nghĩa quan trọng.\r\n\r\nThái độ thi đấu của Martial khiến anh phải nhận án phạt từ HLV Solskjaer. Ngay tại thời điểm ấy, \"Solsa\" tống luôn Martial lên ghế dự bị, không sử dụng cầu thủ này dù chỉ 1 phút, ngay cả khi đó là thời điểm MU đang rất cần một cầu thủ tấn công sau khi bị gỡ hòa trong hiệp 1.\r\n\r\n\r\nNgay từ thời HLV Jose Mourinho còn tại vị, thái độ thi đấu của Martial đã luôn là vấn đề. Từng có thời điểm \"Người đặc biệt\" cân nhắc bán tiền đạo người Pháp, nhưng sau đó Martial vẫn được giữ lại. Và giờ thì người ta đã hiểu tại sao.\r\n\r\nTờ Telegraph dẫn tin từ nội bộ MU cho hay, đồng Chủ tịch Joel Glazer vô cùng yêu thích phong cách thi đấu kỹ thuật, nhanh nhẹn cùng những cú cứa lòng sắc lẹm của Martial. Ông chủ người Mỹ thậm chí coi Martial là \"Pele của MU\". Do vậy, giới chủ Mỹ sẽ không chấp thuận yêu cầu bán Martial từ HLV Solskjaer.\r\nNhư vậy, đây chẳng khác nhà Glazer công khai ủng hộ các cầu thủ có thái độ thi đấu yếu kém, thậm chí dám \"bật thầy\". Và nó sẽ khiến HLV Solskjaer mất điểm và mất uy trầm trọng trong mắt các cầu thủ - vốn cũng đang đau đầu với đám sao bất trị của \"Quỷ đỏ\".\r\nTiền vệ Ander Herrera - người luôn được biết đến với tinh thần thi đấu máu lửa và cống hiến không ngừng nghỉ trong những năm tháng khoác áo MU, mới đây khẳng định các cầu thủ mới là người phải chịu trách nhiệm cho kết quả bết bát.\r\n\r\n\"Chúng tôi phải chịu trách nhiệm, toàn bộ các cầu thủ”, Herrera nói với trang web chính thức của MU. \"Thật không công bằng khi đổ lỗi cho người khác. Khi bạn có một mùa giải tồi tệ, 75% trách nhiệm nằm ở các cầu thủ. Thật dễ dàng khi đổ lỗi cho các HLV, nhưng đó là lỗi của chúng tôi. Mỗi cầu thủ trong phòng thay đồ có trách nhiệm với những gì đã xảy ra trong mùa giải này. Chúng tôi đã chơi rất tệ\" - Herrera gửi gắm đến các đồng đội trước ngày chia tay.\r\n\r\nThế nhưng, HLV Solskjaer hay trước đó là Mourinho, lại đang phải hứng chịu muôn vàn chỉ trích từ NHM. Và hơn thế, họ còn không có thực quyền. Các cầu thủ MU được nuông chiều, thi đấu với thái độ thiếu nhiệt huyết máu lửa, dễ dàng để mất thế trận và phải đón nhận thất bại.</p>\r\n', 'MU kết thúc mùa giải 2018/19 trong nỗi thất vọng lớn lao.', 'https://cdn.24h.com.vn/upload/2-2019/images/2019-06-15/64583289_367977023923004_7695217514682253312_n-660-1560607424-53-width660height502.jpg', 1, 3542),
(24, 'Pogba gật đầu với Juventus bỏ MU: Real gặp khó, \"Quỷ Đỏ\" chờ đàm phán', 1, 1, '2019-05-01', 1, '<b>Trong lúc Real Madrid và MU không chốt được giá cả thì Pogba đã đồng ý về Juventus.</b>\r\n\r\n<p>Tờ La Gazzetta dello Sport tại Italia mới đây đưa tin cho biết diễn biến mới đã phát sinh giữa Juventus và MU xoay quanh tương lai của tiền vệ Paul Pogba. Cầu thủ người Pháp này đã có 3 mùa giải không thành công tại Old Trafford và sau khi MU về đích mùa 2018/19 ngoài nhóm dự Champions League với triển vọng không mấy sáng sủa mùa sau, Pogba đang tìm đường rút khỏi nước Anh.</p>\r\n<p><img class=\"news-image initial loading\" alt=\"Pogba gật đầu với Juventus bỏ MU: Real gặp khó, &amp;#34;Quỷ Đỏ&amp;#34; chờ đàm phán - 1\" onclick=\"return openNewImage(this, \'\')\" src=\"https://cdn.24h.com.vn/upload/2-2019/images/2019-06-14/man-utd-transfer-news-juventus-chief-jets-in-to-hold-shock-paul-pogba-talks-1140133-660-1560526821-102-width660height392.jpg\" style=\"width: 660px; height: 392px;\" data-was-processed=\"true\"></p>\r\n<p>Không có nhiều CLB có khả năng chi trả một mức phí chuyển nhượng lớn để đón Pogba về thi đấu, và có 2 CLB đạt được điều kiện này đã nhảy vào cuộc đua. Tại Tây Ban Nha, báo giới Madrid cho biết Zinedine Zidane vẫn chưa dừng công cuộc cải tổ lực lượng tại Real Madrid và ông đã đề nghị được mua Pogba mặc dù ban lãnh đạo Real thuyết phục ông với những lựa chọn khác như Tanguy Ndombele và Christian Eriksen.\r\n\r\nNhưng cũng theo các đầu báo tại Madrid, việc mua Pogba không có chiều hướng sáng sủa cho Real do họ bị MU đòi một số tiền không dưới 170 triệu euro (150 triệu bảng), và theo tờ Marca thì khoảng cách giữa thành công với thất bại của thương vụ “là 17 triệu euro”. Real Madrid đã chi 303 triệu euro mua 5 tân binh cho đội 1 nên họ đang cố gắng mặc cả MU nhiều nhất có thể.\r\n\r\n\r\nTrong khi Real Madrid đang có khúc mắc về giá cả thì Juventus đã nhảy vào cuộc đua khi giám đốc thể thao Fabio Paratici đích thân đến Anh để tạo sự kết nối liên lạc với MU và Pogba. Và theo Gazzetta, Pogba đã đồng ý sẽ trở lại thi đấu cho Juve, CLB mà anh từng khoác áo giai đoạn 2012 – 2016. Việc của Juventus bây giờ là đạt được một mức giá mà MU chấp nhận cho ngôi sao người Pháp.\r\n\r\nNguồn tin cho biết mặc dù không giàu tiền bạc như Real Madrid do phải cân đối chi tiêu vì đã đầu tư khá nhiều cho Cristiano Ronaldo cách đây một năm, Juventus có giải pháp khác là đưa Pogba vào một thương vụ trao đổi mà theo đó họ có thể nhả cho MU một số cầu thủ mà “Quỷ Đỏ” muốn sở hữu nhằm giảm bớt số tiền bỏ ra.\r\nJuventus đang để ngỏ cửa cho một số cầu thủ ra đi và trong số này có những mục tiêu mà chắc chắn MU cũng sẽ ít nhất cân nhắc. Số này bao gồm hậu vệ trái Alex Sandro, hậu vệ phải Joao Cancelo, chuyên gia chạy cánh Douglas Costa và đặc biệt là hộ công người Argentina Paulo Dybala. Dybala đã từng xuất hiện trong những tin đồn chuyển nhượng liên quan tới MU trước kia, nhưng giờ vị trí của Dybala ở Juve đang bị công khai đặt dấu hỏi do không phù hợp với phong cách chơi mới của Juventus thời Ronaldo.\r\n\r\nTuy nhiên Gazzetta cũng cho biết việc Dybala có rời CLB hay không còn tùy thuộc vào việc HLV trưởng mới của Juventus có xem anh là một cầu thủ hữu dụng, mà hiện Juve vẫn chưa bổ nhiệm ai thay HLV Max Allegri đã ra đi. Nhưng những Cancelo, Costa và Sandro đều đang được rao bán và Juventus sẽ hy vọng MU khoái họ để chấp nhận cho Pogba ra đi.</p>\r\n', 'Trong lúc Real Madrid và MU không chốt được giá cả thì Pogba đã đồng ý về Juventus.', 'https://cdn.24h.com.vn/upload/2-2019/images/2019-06-14/man-utd-transfer-news-juventus-chief-jets-in-to-hold-shock-paul-pogba-talks-1140133-660-1560526821-102-width660height392.jpg', 1, 354),
(25, 'Trái ngược Real - Barca: Zidane liên tiếp đón tân binh, Messi khát khao đồng đội mới', 1, 1, '2019-05-01', 1, '<b>Trong khi Real đã tiêu hơn 300 triệu euro vào hoạt động chuyển nhượng, thì Barca vẫn tỏ ra im hơi lặng tiếng.</b>\r\n\r\n<p>Việc Bernabeu trở thành tâm điểm của thị trường chuyển nhượng hè này là điều đã được báo trước, khi họ vừa có một mùa giải trắng tay, có tới 3 lần bổ nhiệm HLV mới và tuột dốc kinh hoàng so với chính mình chỉ một mùa giải trước đó. Sự ra đi của Cristiano Ronaldo và Zinedine Zidane sau giai đoạn thành công với 3 chức vô địch Champions League khiến Real hứng chịu một cú sốc lớn, nhưng giờ thì Zidane đã trở lại và họ sẵn sàng chi đậm để tái tạo đế chế.</p>\r\n<p><img class=\"news-image initial loading\" alt=\"Trái ngược Real - Barca: Zidane liên tiếp đón tân binh, Messi khát khao đồng đội mới - 1\" onclick=\"return openNewImage(this, \'\')\" src=\"https://cdn.24h.com.vn/upload/2-2019/images/2019-06-15/Trai-nguoc-Real---Barca-Zidane-lien-tiep-don-tan-binh-Messi-khat-khao-dong-doi-moi-barca-1560559945-726-width660height371.jpg\" data-was-processed=\"true\"></p>\r\n\r\n<p>TReal rất rõ ràng trong mục tiêu ở kỳ chuyển nhượng lần này. Họ muốn tạo ra những thương vụ bom tấn. Hazard đã đến, Pogba đang trên đường, còn Mbappe vẫn đang được “Kền kền trắng” theo dõi sát sao. Nếu tính cả Luca Zidane, Real đã có tới 7 tân binh từ đầu mùa: Eden Hazard, Luka Jovic, Eder Militao, Ferland Mendy, Rodrygo Goes và mới nhất là tài năng trẻ được ví như “Messi Nhật Bản” từng có thời gian ăn tập ở lò La Masia Takefusa Kubo.\r\n\r\nReal đã tiêu khoảng 335 triệu euro cho tới thời điểm hiện tại nhưng họ vẫn chưa có ý định dừng lại. Tham vọng sau một mùa hè hoàn thành Galaticos 3.0 vẫn được ông chủ Perez ấp ủ. Mua nhiều nhưng Real vẫn chưa thu về đồng lãi nào từ việc bán cầu thủ. Họ vẫn cần ít nhất phải đẩy đi 2-3 ngôi sao, trong đó Gareth Bale hay Isco là những cái tên ở đầu danh sách. Kế hoạch hoàn hảo nhất với họ là đưa được cả Pogba và Mbappe đến Bernabeu ngay trong hè này.\r\nTrong khi đó, câu chuyện ở Nou Camp kém hấp dẫn hơn nhiều. Một trong những lý do chủ yếu là Barca không cần phải cải tổ mạnh mẽ như Real. Đội hình của họ vẫn đang ở độ chín và vẫn có được sự ổn định cần thiết. Một phần nữa là bởi hồi mùa đông họ đã kịp chốt được thương vụ “nặng đô” với Frenkie de Jong (75 triệu euro) và hậu vệ Emerson Aparecido (12 triệu euro). Tuyến giữa là ưu tiên hàng đầu của Barca sau sự ra đi của Iniesta và Xavi.\r\nMùa hè năm ngoái, Barca cũng mua sắm không mấy rầm rộ khi chỉ đưa về Nou Camp những cầu thủ đang lên thuộc tầm khá như Arthur Melo, Clement Lenglet hay Malcom, và bổ sung chất thép cho tuyến giữa với Arturo Vidal. Với thương vụ đắt giá Coutinho ở mùa hè trước đó nữa và De Jong ở mùa này, Barca có thể coi đã có được sự thay thế cho Xavi và Iniesta, dù khả năng hòa nhập và tỏa sáng của họ vẫn còn là một dấu hỏi, kể cả với Coutinho.\r\n\r\nBarca hiện cũng đang có những mục tiêu riêng nhưng mọi chuyện vẫn chưa đến đâu, đặc biệt là thương vụ Griezmann. Nếu có được Griezmann, Barca sẽ có bộ ba tấn công Griezmann – Suarez – Messi đủ chất lượng để đối chọi với bất kỳ đội bóng nào tại châu Âu. Một hậu vệ phải mới và thêm một phương án nữa để thay thế Rakitic đang lục đục ra đi. Dẫu sao, fan Barca có quyền sốt ruột khi đội nhà chưa “nổ” được thương vụ nào trong khi Real liên tiếp đón tân binh.</p>\r\n', 'Trong khi Real đã tiêu hơn 300 triệu euro vào hoạt động chuyển nhượng, thì Barca vẫn tỏ ra im hơi lặng tiếng.', 'https://cdn.24h.com.vn/upload/2-2019/images/2019-06-15/64583289_367977023923004_7695217514682253312_n-660-1560607424-53-width660height502.jpg', 1, 354),
(26, 'Real có biến: Perez mê á quân C1, Zidane cãi lệnh đòi Pogba giá \"cắt cổ\"', 1, 1, '2019-05-01', 1, '<b>Sau khi Real chiêu mộ hàng loạt \"bom tấn\", Chủ tịch Florentino Perez và HLV Zinedine Zidane đã nảy sinh mâu thuẫn liên quan tới cái tên quen thuộc: Paul Pogba.</b>\r\n\r\n<p>Mùa Hè 2019, Real Madrid đã chi hơn 300 triệu euro để chiêu mộ Ferland Mendy, Luka Jovic, Rodrygo Goes, Eder Militao và đặc biệt là \"siêu bom tấn\" Eden Hazard. Tuy nhiên, \"đội bóng Hoàng gia\" chưa có ý định dừng lại. Nhiều khả năng thời gian tới, những tên tuổi đình đám khác sẽ tiếp tục đổ bộ sân Bernabeu.</p>\r\n<p><img class=\"news-image loading\" alt=\"Real có biến: Perez mê á quân C1, Zidane cãi lệnh đòi Pogba giá &amp;#34;cắt cổ&amp;#34; - 1\" onclick=\"return openNewImage(this, \'\')\" src=\"https://cdn.24h.com.vn/upload/2-2019/images/2019-06-14/Real-co-bien-Perez-me-a-quan-C1-Zidane-cai-lenh-doi-Pogba-gia-sdfd-1560511574-903-width660height439.jpg\" data-was-processed=\"true\"></p>\r\n<p>Tiêu biểu trong số này phải kể đến Paul Pogba. Tiền vệ người Pháp liên tục \"bắn tín hiệu\" tới Real bằng cách làm mình làm mẫy, đưa ra yêu sách lương bổng với CLB chủ quản MU.\r\n\r\nDù vậy, đại diện Premier League chỉ đồng ý ngồi vào bàn đàm phán nếu nhận đủ 150 triệu euro, trong khi chủ tịch Real - Florentino Perez không sẵn sàng trả số tiền này vì đã đầu tư quá mạnh tay cho 5 thương vụ trước.\r\n\r\nTrước tình cảnh đó, ông trùm ngành xây dựng đã nhắm sẵn một mục tiêu vừa phải hơn những tài năng không kém: Christian Eriksen. Theo Fox Sport, Real đã bí mật liên hệ với Tottenham ngay sau trận chung kết Champions League và đưa ra lời đề nghị trị giá 120 triệu euro dành cho tiền vệ người Đan Mạch.\r\n\r\n\r\nVấn đề ở chỗ, HLV Zinedine Zidane đã gạt phăng kế hoạch của Perez. Theo Marca (TBN) và The Sun (Anh), chiến lược gia 45 tuổi một mực muốn chiêu mộ Pogba bằng mọi giá\", đồng thời sẵn sàng đối chất với ông chủ về quan điểm cứng rắn của mình.\r\n\r\nBên cạnh mức phí \"khủng\", nguyên nhân khiến Perez chần chừ trong việc chiêu mộ Pogba xuất phát từ quỹ lương ngày càng \"phình to\" ở Real.\r\n\r\nQuân số đội 1 hiện lên tới 37 người, trong đó nhiều cái tên chỉ xuất hiện cho đủ, không thi đấu nhiều vẫn hưởng lương cao như Gareth Bale, James Rodriguez (vừa trở về sau 2 năm cho mượn ở Bayern). Chưa kể, cá tính của tiền vệ người Pháp có thể gây ra cuộc chiến phòng thay đồ với các \"ông sao\" khác.\r\n\r\nNếu Perez và Zidane không chịu \"xuống nước\", kế hoạch chuyển nhượng hè của Real có thể lâm vào bế tắc trong tương lai, thậm chí đối diện nguy cơ mất trắng nếu các đối thủ cạnh tranh (như Juventus) vào cuộc tiếp cận Pogba lẫn Eriksen.</p>\r\n', 'Sau khi Real chiêu mộ hàng loạt \"bom tấn\", Chủ tịch Florentino Perez và HLV Zinedine Zidane đã nảy sinh mâu thuẫn liên quan tới cái tên quen thuộc: Paul Pogba.', 'https://cdn.24h.com.vn/upload/2-2019/images/2019-06-14/Real-co-bien-Perez-me-a-quan-C1-Zidane-cai-lenh-doi-Pogba-gia-sdfd-1560511574-903-width660height439.jpg', 1, 3541),
(27, 'Tin HOT bóng đá sáng 16/6: Derby tính “lật kèo” vụ Lampard với Chelsea', 1, 1, '2019-05-01', 1, '<b>Bản tin bóng đá cập nhật sáng 16/6: Derby County đã mở những cuộc đàm phán để gia hạn với Frank Lampard, với mức đãi ngộ tốt hơn.</b>\r\n\r\n<p>Derby muốn gia hạn với Lampard. Những tưởng đã buông Frank Lampard cho Chelsea, thì mới đây Derby County đã mở những cuộc đàm phán để gia hạn với HLV này, với mức đãi ngộ tốt hơn, qua đó khiến Chelsea có đôi chút choáng váng. Nếu không có được Lampard, Chelsea chưa biết sẽ tìm đến HLV nào.</p>\r\n<p><img class=\"news-image initial loading\" alt=\"Tin HOT bóng đá sáng 16/6: Derby tính “lật kèo” vụ Lampard với Chelsea - 1\" onclick=\"return openNewImage(this, \'\')\" src=\"https://cdn.24h.com.vn/upload/2-2019/images/2019-06-15/Tin-HOT-bong-da-sang-16-6-Derby-tinh-lat-keo-vu-Lampard-voi-Chelsea-lam1-1560616136-22-width660height417.jpg\" data-was-processed=\"true\"></p>\r\n<p>Ribery vẫn muốn chơi bóng đỉnh cao. Chia tay Bayern Munich sau 12 năm cống hiến, tiền vệ Franck Ribery cho hay anh vẫn có thể chơi bóng ở đẳng cấp cao nhất, với những câu lạc bộ lớn nhất. Ngôi sao kỳ cựu người Pháp cho rằng anh có thể đá chuyên nghiệp thêm 2 mùa giải nữa.\r\n\r\nMane lỡ trận mở màn CAN 2019. HLV ĐT Senegal Aliou Cisse xác nhận tiền đạo Sadio Mane sẽ vắng mặt ở trận mở màn CAN 2019 gặp ĐT Tanzania vì bị treo giò. Lý do là bởi Mane đã nhận 2 thẻ vàng ở các trận vòng loại của Senegal. Tuy nhiên, HLV Cisse cho rằng sự vắng mặt của Mane sẽ không ảnh hưởng đến đội bóng.\r\n\r\nMessi bây giờ mới đạt đỉnh cao. Tiền vệ Cesc Fabregas cho rằng chân sút Lionel Messi bây giờ mới đạt đỉnh cao nhất của phong độ dù anh đã bước qua tuổi 30. Messi và Fabregas từng có 6 năm chơi bóng cùng nhau, 3 năm ở lò La Masia (2001-2003) và 3 năm tại đội một Barca (2011-2014).\r\n\r\nHLV Argentina nghỉ hưu nếu vô địch Copa America. Khi được hỏi về cơ hội năm nay ở buổi họp báo trước trận ra quân gặp Colombia, HLV Lionel Scaloni bông đùa: \"Nếu chúng tôi vô địch, tôi sẽ nghỉ hưu luôn. Chúng tôi ở đây để chơi tất cả trận đấu, và cũng để chứng tỏ rằng cầu thủ Argentina xứng đáng khoác chiếc áo sọc trắng xanh\".</p>\r\n', 'Bản tin bóng đá cập nhật sáng 16/6: Derby County đã mở những cuộc đàm phán để gia hạn với Frank Lampard, với mức đãi ngộ tốt hơn.', 'https://cdn.24h.com.vn/upload/2-2019/images/2019-06-15/Tin-HOT-bong-da-sang-16-6-Derby-tinh-lat-keo-vu-Lampard-voi-Chelsea-lam1-1560616136-22-width660height417.jpg', 1, 354),
(28, 'Anh Đức 34 tuổi không chiến cực đỉnh: Giáng đòn Thái Lan, khuynh đảo V-League', 1, 1, '2019-05-01', 1, '<b>Ở tuổi 34, Anh Đức vẫn miệt mài \"cày ải\" và tỏa sáng mang về những chiến thắng quan trọng cho ĐT Việt Nam lẫn CLB chủ quản Bình Dương.</b>\r\n\r\n<p>Ở Vòng 13 V-League, Bình Dương đã xuất sắc đánh bại Quảng Nam với tỉ số 2-1. Người hùng của đội bóng đất Thủ không ai khác ngoài Nguyễn Anh Đức.</p>\r\n<p><img class=\"news-image initial loading\" alt=\"Anh Đức 34 tuổi không chiến cực đỉnh: Giáng đòn Thái Lan, khuynh đảo V-League - 1\" onclick=\"return openNewImage(this, \'\')\" src=\"https://cdn.24h.com.vn/upload/2-2019/images/2019-06-14/dt-viet-nam-huong-den-vong-loai-world-cup-hang-cong-tre-da-gia-mang-chua-moc-anhduc1-1560247635-236-width660height440-1560494025-899-width660height440.jpg\" data-was-processed=\"true\"></p>\r\n<p>Pha lập công trên sân Tam Kỳ còn nâng tổng số bàn thắng mùa này của Anh Đức lên con số 4, chỉ xếp sau Văn Toàn (5 bàn) của HAGL và Hà Minh Tuấn (6 bàn) của Quảng Nam trong cuộc đua Vua phá lưới nội.\r\n\r\nTừ trước đến nay, cầu thủ Việt Nam chơi bóng đến tuổi 34 đã hiếm, nhưng tuổi 34 mà vẫn giữ được phong độ, đẳng cấp vẹn nguyên như Anh Đức lại càng hiếm hơn.\r\n\r\nKhông hoa mỹ, tốc độ, cũng không duy trì được sức mạnh như thời đỉnh cao, nhưng \"Đức Eto\'o\" luôn biết cách tận dụng khả năng chạy chỗ, chọn vị trí và kỹ năng dứt điểm vô cùng tốt , đáng chú ý nhất là khả năng dứt điểm bằng đầu .\r\n\r\nTrước đó 1 tuần, chính anh là người hùng của ĐT Việt Nam tại King\'s Cup khi ghi bàn thắng duy nhất đánh bại đại kình địch Thái Lan .\r\n\r\n\r\nỞ trận đấu đó, Anh Đức bất ngờ vụt sáng bằng pha chọn vị trí chuẩn xác, đón quả đá phạt góc của Xuân Trường và đánh đầu chuẩn xác hạ gục Kawin đúng vào phút bù giờ cuối cùng. Dù pha lập công có phần may mắn (Kawin bắt không dính bóng), không thể phủ nhận Anh Đức đã thể hiện những phẩm chất tốt nhất của mình trong khoảnh khắc xuất thần đó.\r\n\r\nĐến giờ người hâm mộ, dư luận nước càng khâm phục HLV Park Hang Seo hơn khi hết lòng tin tưởng Anh Đức ở chiến dịch ASIAD, AFF Cup 2018 đến King\'s Cup. Ở hiện tại và tương lai, có lẽ bóng đá Việt Nam khó có thể tìm kiếm gương mặt nào đủ sức thay thế vai trò lẫn tầm ảnh hưởng của \"lão tướng\" 34 tuổi .</p>\r\n', 'Ở tuổi 34, Anh Đức vẫn miệt mài \"cày ải\" và tỏa sáng mang về những chiến thắng quan trọng cho ĐT Việt Nam lẫn CLB chủ quản Bình Dương.', 'https://cdn.24h.com.vn/upload/2-2019/images/2019-06-14/dt-viet-nam-huong-den-vong-loai-world-cup-hang-cong-tre-da-gia-mang-chua-moc-anhduc1-1560247635-236-width660height440-1560494025-899-width660height440.jpg', 1, 35),
(29, 'Sửng sốt Lukaku tỏ tình Inter: MU chán ngấy, vì sao cần bán luôn và ngay?', 1, 1, '2019-05-01', 1, '<b>Không còn nghi ngờ gì nữa, Lukaku đang có những động thái rời bỏ đội chủ sân Old Trafford thông qua những phát biểu của mình.</b>\r\n\r\n<p>Trong chia sẻ mới nhất với báo chí, tiền đạo người Bỉ tiếp tục hé lộ ý định rời MU để chuyển sang thi đấu tại Serie A.</p>\r\n<p><img class=\"news-image initial loading\" alt=\"Sửng sốt Lukaku tỏ tình Inter: MU chán ngấy, vì sao cần bán luôn và ngay? - 1\" onclick=\"return openNewImage(this, \'\')\" src=\"https://cdn.24h.com.vn/upload/2-2019/images/2019-06-14/Sung-sot-Lukaku-to-tinh-Inter-MU-chan-ngay-vi-sao-can-ban-luon-va-ngay-ku2-1560468720-728-width660height397.jpg\" data-was-processed=\"true\"></p>\r\n<p>“Tôi luôn là một fan lớn của giải đấu Serie A. Hiện giờ tôi không thể nói bất cứ điều gì. Nhưng đúng là tôi đang rất mong chờ một mùa Hè bận rộn. Tôi vẫn còn hợp đồng với MU. Tôi sẽ nói chuyện với CLB chủ quản và đại diện của tôi, Federico Pastorello để đưa ra quyết định tốt nhất\".\r\n\r\nKhông chỉ có vậy, tiền đạo người Bỉ còn công khai đánh tiếng với HLV Conte và đội bóng đang có ý định chiêu mộ anh là Inter Milan. “Việc Antonio Conte tới Inter Milan, đó là một điều thực sự tốt bởi vì ông ấy rất giỏi. Ông ấy đang là HLV hay nhất thế giới”.\r\n\r\nNhững dấu hiệu trên cho thấy Romelu Lukaku chia tay MU thực tế không phải chuyện đùa. Lúc này, “Quỷ đỏ” và Inter Milan chỉ còn chờ thống nhất mức phí chuyển nhượng là sẽ lập tức thực hiện giao dịch.\r\n\r\n\r\nVới cá nhân Lukaku, anh thực sự muốn rời khỏi “địa ngục” Old Trafford. Từ khi gia nhập MU, tiền đạo người Bỉ luôn phải chịu sức ép và sự kỳ vọng quá lớn, để rồi không thể lấy lại phong độ cao nhất trong một khoảng thời gian dài.\r\n\r\nTrước đó theo tiết lộ từ báo chí Anh, Lukaku đã đồng ý mọi điều khoản cá nhân với Inter Milan. Thậm chí Lukaku đã chấp nhận giảm sâu mức lương hiện tại từ 250.000 bảng/tuần tại MU xuống 170.000 bảng/tuần tại Inter.\r\n\r\nĐây là thiện chí rất lớn của chân sút người Bỉ, để có thể chơi bóng tại Champions League mùa tới cùng với HLV Conte – người đang rất muốn làm việc cùng anh trong tương lai. Và điều này trái ngược hoàn toàn với hoàn cảnh MU hiện tại với HLV Ole Gunner Solskjaer.\r\n\r\nVì sao cần bán luôn và ngay?\r\n\r\nViệc Lukaku tìm cách rời Old Trafford không phải điều bất ngờ. Thực tế MU đã tính trước đến trường hợp này, bởi ngay cả nhà cầm quân Na Uy cũng không còn coi Lukaku là kế hoạch trong tương lai.\r\nMới nhất, Lukaku đã không xuất hiện trong bộ ảnh công bố lịch thi đấu Premier League mùa tới của MU trên mạng xã hội Instagram. Với động thái này, người ta tin chắc rằng Lukaku sẽ rời “Quỷ đỏ” trong mùa Hè này.\r\n\r\nTheo tiết lộ của The Sun, hiện đang có một thống kê cho thấy chân sút người Bỉ rõ ràng không thuộc về Old Trafford. Bởi mỗi khi lên thi đấu ở ĐTQG, Lukaku luôn chứng tỏ một hiệu suất ghi bàn khủng khiếp, còn MU thì không.\r\n\r\nCụ thể sau 81 trận đấu, Lukaku đang trở thành tiền đạo có hiệu suất tốt nhất lịch sử của ĐT Bỉ với 41 bàn thắng. Điển hình là trong 6 trận gần nhất, Lukaku cũng đã có 8 pha lập công, trung bình 1.33 bàn/trận. Trong khi với MU, Lukaku thường xuyên mất tích và chỉ có 15 bàn/45 trận đấu, tỷ lệ cực thấp 0.33 bàn/trận.</p>\r\n', 'Không còn nghi ngờ gì nữa, Lukaku đang có những động thái rời bỏ đội chủ sân Old Trafford thông qua những phát biểu của mình.', 'https://cdn.24h.com.vn/upload/2-2019/images/2019-06-14/Sung-sot-Lukaku-to-tinh-Inter-MU-chan-ngay-vi-sao-can-ban-luon-va-ngay-ku2-1560468720-728-width660height397.jpg', 1, 35),
(30, 'Khốn khổ MU: Sếp Atletico tiết lộ sốc, Barca chắc chắn có \"bom tấn\" Griezmann', 1, 1, '2019-05-01', 1, '<b>Điều mà rất nhiều fan MU lo sợ dần trở thành hiện thực. Tham vọng sở hữu Antoine Griezmann của \"Quỷ đỏ\" bị giội một gáo nước lạnh, bởi tiền đạo người Pháp sẽ đến Barcelona.</b>\r\n\r\n<p>Antoine Griezmann là cái tên đã nhiều lần xuất hiện trong các cuộc họp ở Old Trafford. Đã có lúc tiền đạo ngôi sao người Pháp ở rất gần với MU. Thế nhưng, mối lương duyên ấy có lẽ không thành, bởi vào lúc này, Barcelona là tất cả những gì Griezmann hướng đến.</p>\r\n<p><img class=\"news-image initial loading\" alt=\"Khốn khổ MU: Sếp Atletico tiết lộ sốc, Barca chắc chắn có &amp;#34;bom tấn&amp;#34; Griezmann - 1\" onclick=\"return openNewImage(this, \'\')\" src=\"https://cdn.24h.com.vn/upload/2-2019/images/2019-06-13/Khon-kho-MU-Sep-Atletico-tiet-lo-soc-Barca-co-maxresdefault--1--1560391262-854-width660height371.jpg\" data-was-processed=\"true\"></p>\r\n<p>Đích thân Giám đốc điều hành của CLB chủ quản Atletico Madrid xác nhận, Antoine Griezmann đang trên đường gia nhập Barcelona. Thậm chí, thương vụ này sớm được định đoạt từ tháng Ba. CEO Gil Marin nói trong cuộc trả lời phỏng vấn với Sky Sport: \" Ngay từ hồi tháng Ba, chúng tôi đã biết rằng Griezmann sẽ chuyển tới thi đấu cho Barcelona\".\r\n\r\nNhà báo Fabrizio Roma​no của Sky Sports Italia dẫn thêm lời ông Marin cho biết, các thỏa thuận đã được hoàn thành từ thời điểm đó, những thứ còn lại bây giờ chỉ là các thủ tục giấy tờ, và chờ đợi một thông báo chính thức từ phía Barcelona mà thôi.\r\n\r\nTờ L’Equipe tiết lộ thêm, chế độ đãi ngộ mà nhà vô địch World Cup 2018 sẽ được hưởng tại Nou Camp. Theo đó, Griezmann dự kiến ký hợp đồng có thời hạn 5 năm, đến tháng 6/2024 với Barca và hưởng mức lương 17 triệu euro/năm.\r\n\r\n\r\nMột nguồn tin khác khẳng định, mức lương Griezmann được nhận tại Barca sẽ là 17 triệu euro ở mùa đầu tiên, 18 triệu euro mở mùa thứ hai và 19 triệu euro ở mùa thứ ba. Như vậy, để gia nhập Barcelona, Griezmann đã phải chịu thiệt thòi rất lớn. Nên biết rằng bản hợp đồng mà Antoine đã ký với Atletico mùa hè năm ngoái, chế độ đãi ngộ của cầu thủ 28 tuổi này lên đến 21 triệu euro/mùa.\r\n\r\nTrong những ngày đầu phiên chợ hè 2019, MU được cho là thực hiện những nỗ lực sau cùng để chiêu mộ Griezmann. Theo đó, mức lương 500.000 bảng/tuần (tương đương 572.000 euro) mà Alexis Sanchez đang nhận được sẽ chuyển thẳng sang cho Griezmann.\r\nNhư vậy, nếu đến MU thay thế Sanchez, Griezmann sẽ nhận được 27,5 triệu euro/mùa, thay vì 17 triệu euro/mùa như với Barcelona. Ngoài ra, MU cũng sẵn sàng chi ra 106,7 triệu bảng (tương đương 120 triệu euro) để giải phóng hợp đồng cho nhà vô địch World Cup 2018.\r\n\r\nNhư vậy, tham vọng sở hữu Antoine Griezmann của MU xem như phá sản. Đây hứa hẹn sẽ chỉ là một trong nhiều cuộc chạy đua trên thị trường chuyển nhượng giữa MU và Barcelona trong phiên chợ hè 2019. Ngoài Griezmann, hai gã khổng lồ này cũng đang cạnh tranh gay gắt thương vụ Mathijs de Ligt. Cũng giống như \"Gigi\", tâm trí De Ligt dường như cũng đang hướng về gã khổng lồ xứ Catalan.</p>\r\n', 'Điều mà rất nhiều fan MU lo sợ dần trở thành hiện thực. Tham vọng sở hữu Antoine Griezmann của \"Quỷ đỏ\" bị giội một gáo nước lạnh, bởi tiền đạo người Pháp sẽ đến Barcelona', 'https://cdn.24h.com.vn/upload/2-2019/images/2019-06-13/Khon-kho-MU-Sep-Atletico-tiet-lo-soc-Barca-co-maxresdefault--1--1560391262-854-width660height371.jpg', 1, 352);

-- --------------------------------------------------------

--
-- Cấu trúc bảng cho bảng `binhluan`
--

CREATE TABLE `binhluan` (
  `idBinhLuan` int(11) NOT NULL,
  `NoiDung` varchar(8000) COLLATE utf8_unicode_ci NOT NULL,
  `BaiBao` int(11) NOT NULL,
  `NguoiBL` int(11) NOT NULL,
  `NgayDang` date NOT NULL
) ENGINE=InnoDB DEFAULT CHARSET=utf8 COLLATE=utf8_unicode_ci;

--
-- Đang đổ dữ liệu cho bảng `binhluan`
--

INSERT INTO `binhluan` (`idBinhLuan`, `NoiDung`, `BaiBao`, `NguoiBL`, `NgayDang`) VALUES
(1, 'Hay quá', 1, 1, '2019-06-05'),
(2, 'Ghê vậy ai chơi', 6, 3, '2019-05-31'),
(3, 'Sao mà giỏi vậy', 5, 1, '2019-05-01'),
(4, 'đồ án này 10 điểm rồi', 2, 1, '2019-06-07'),
(5, 'cuộc sống mà', 7, 1, '2019-06-02');

-- --------------------------------------------------------

--
-- Cấu trúc bảng cho bảng `chuyenmuc`
--

CREATE TABLE `chuyenmuc` (
  `idChuyenMuc` int(11) NOT NULL,
  `TenCM` varchar(100) COLLATE utf8_unicode_ci NOT NULL,
  `NguoiQuanLyCM` int(11) NOT NULL,
  `LoaiCM` int(11) DEFAULT NULL
) ENGINE=InnoDB DEFAULT CHARSET=utf8 COLLATE=utf8_unicode_ci;

--
-- Đang đổ dữ liệu cho bảng `chuyenmuc`
--

INSERT INTO `chuyenmuc` (`idChuyenMuc`, `TenCM`, `NguoiQuanLyCM`, `LoaiCM`) VALUES
(1, 'Bóng Đá', 1, 1),
(2, 'Bóng Chuyền', 1, 1),
(3, 'Tin Tức Nghệ An', 2, 2),
(4, 'Tin Tức Hồ Chí Minh', 2, 2),
(5, 'Ẩm Thực Thế Giới', 3, 3),
(6, 'Ẩm Thực Việt Nam', 3, 3),
(7, 'Du lịch Việt Nam', 4, 4),
(8, 'Du Lịch Thế Giới', 4, 4),
(9, 'Khởi Nghiệp', 5, 5),
(10, 'Bất Động Sản', 5, 5);

-- --------------------------------------------------------

--
-- Cấu trúc bảng cho bảng `nhantag`
--

CREATE TABLE `nhantag` (
  `idTag` int(11) NOT NULL,
  `tenTag` varchar(50) COLLATE utf8_unicode_ci NOT NULL
) ENGINE=InnoDB DEFAULT CHARSET=utf8 COLLATE=utf8_unicode_ci;

--
-- Đang đổ dữ liệu cho bảng `nhantag`
--

INSERT INTO `nhantag` (`idTag`, `tenTag`) VALUES
(1, 'Bóng đá'),
(2, 'Bóng chuyền'),
(3, 'Kinh doanh'),
(4, 'Nghệ An'),
(5, 'Hồ Chí Minh'),
(6, 'Thế giới'),
(7, 'Việt Nam'),
(8, 'Ẩm thực'),
(9, 'Du lịch'),
(10, 'Bất động sản'),
(11, 'Khởi nghiệp'),
(12, 'Thể thao');

-- --------------------------------------------------------

--
-- Cấu trúc bảng cho bảng `phanhe`
--

CREATE TABLE `phanhe` (
  `idPhanHe` int(11) NOT NULL,
  `TenPhanHe` varchar(100) COLLATE utf8_unicode_ci NOT NULL
) ENGINE=InnoDB DEFAULT CHARSET=utf8 COLLATE=utf8_unicode_ci;

--
-- Đang đổ dữ liệu cho bảng `phanhe`
--

INSERT INTO `phanhe` (`idPhanHe`, `TenPhanHe`) VALUES
(1, 'Độc giả'),
(2, 'Writer'),
(3, 'Biên tập viên'),
(4, 'Admin');

-- --------------------------------------------------------

--
-- Cấu trúc bảng cho bảng `tag_baibao`
--

CREATE TABLE `tag_baibao` (
  `idTag` int(11) NOT NULL,
  `idBaiBao` int(11) NOT NULL
) ENGINE=InnoDB DEFAULT CHARSET=utf8 COLLATE=utf8_unicode_ci;

--
-- Đang đổ dữ liệu cho bảng `tag_baibao`
--

INSERT INTO `tag_baibao` (`idTag`, `idBaiBao`) VALUES
(1, 5),
(2, 10),
(4, 8),
(5, 4),
(7, 7),
(8, 3),
(9, 9),
(10, 2),
(11, 1),
(12, 6);

-- --------------------------------------------------------

--
-- Cấu trúc bảng cho bảng `tag_chuyenmuc`
--

CREATE TABLE `tag_chuyenmuc` (
  `idTag` int(11) NOT NULL,
  `idChuyenMuc` int(11) NOT NULL
) ENGINE=InnoDB DEFAULT CHARSET=utf8 COLLATE=utf8_vietnamese_ci;

--
-- Đang đổ dữ liệu cho bảng `tag_chuyenmuc`
--

INSERT INTO `tag_chuyenmuc` (`idTag`, `idChuyenMuc`) VALUES
(1, 3),
(2, 2),
(3, 3),
(3, 2),
(4, 5),
(4, 6),
(5, 5),
(6, 6),
(7, 8),
(7, 9),
(8, 8),
(9, 9),
(10, 11),
(10, 12),
(11, 11),
(12, 12),
(13, 14),
(13, 15),
(14, 14),
(15, 15);

-- --------------------------------------------------------

--
-- Cấu trúc bảng cho bảng `thanhvien`
--

CREATE TABLE `thanhvien` (
  `idThanhVien` int(11) NOT NULL,
  `HoTen` varchar(100) COLLATE utf8_unicode_ci NOT NULL,
  `NgaySinh` date NOT NULL,
  `Email` varchar(200) COLLATE utf8_unicode_ci NOT NULL,
  `NgayKichHoat` date NOT NULL,
  `NgayHetHan` date NOT NULL,
  `MatKhau` varchar(50) COLLATE utf8_unicode_ci NOT NULL,
  `PhanHe` int(11) NOT NULL
) ENGINE=InnoDB DEFAULT CHARSET=utf8 COLLATE=utf8_unicode_ci;

--
-- Đang đổ dữ liệu cho bảng `thanhvien`
--

INSERT INTO `thanhvien` (`idThanhVien`, `HoTen`, `NgaySinh`, `Email`, `NgayKichHoat`, `NgayHetHan`, `MatKhau`, `PhanHe`) VALUES
(1, 'Nguyễn Đình Hoàng', '1998-04-22', 'hoangak@gmail.com', '2019-06-19', '2019-06-26', '123456', 4),
(2, 'Hoàng AK', '1998-05-17', 'hoangak98@gmail.com', '2019-05-19', '2019-06-26', '17051998', 4),
(3, 'Trần Phi Hùng', '1998-05-11', 'hungtran@gmail.com', '2019-05-19', '2019-06-26', '654123', 1),
(4, 'Lê Việt Đức', '1997-01-26', 'vietduc@gmail.com', '2019-05-20', '2019-05-27', '123654', 2),
(5, 'Hùng Đức Hoàng', '1998-04-22', 'hhd@gmail.com', '2019-05-19', '2019-05-26', '654321', 3);

-- --------------------------------------------------------

--
-- Cấu trúc bảng cho bảng `trangthai`
--

CREATE TABLE `trangthai` (
  `idTrangThai` int(11) NOT NULL,
  `tenTrangThai` varchar(100) COLLATE utf8_unicode_ci NOT NULL
) ENGINE=InnoDB DEFAULT CHARSET=utf8 COLLATE=utf8_unicode_ci;

--
-- Đang đổ dữ liệu cho bảng `trangthai`
--

INSERT INTO `trangthai` (`idTrangThai`, `tenTrangThai`) VALUES
(1, 'Đã xuất bản'),
(2, 'Đã duyệt\r\n'),
(3, 'Chưa được duyệt'),
(4, 'Không được duyệt');

--
-- Chỉ mục cho các bảng đã đổ
--

--
-- Chỉ mục cho bảng `baibao`
--
ALTER TABLE `baibao`
  ADD PRIMARY KEY (`idBaiBao`);

--
-- Chỉ mục cho bảng `binhluan`
--
ALTER TABLE `binhluan`
  ADD PRIMARY KEY (`idBinhLuan`);

--
-- Chỉ mục cho bảng `chuyenmuc`
--
ALTER TABLE `chuyenmuc`
  ADD PRIMARY KEY (`idChuyenMuc`);

--
-- Chỉ mục cho bảng `nhantag`
--
ALTER TABLE `nhantag`
  ADD PRIMARY KEY (`idTag`);

--
-- Chỉ mục cho bảng `phanhe`
--
ALTER TABLE `phanhe`
  ADD PRIMARY KEY (`idPhanHe`);

--
-- Chỉ mục cho bảng `tag_baibao`
--
ALTER TABLE `tag_baibao`
  ADD PRIMARY KEY (`idTag`,`idBaiBao`);

--
-- Chỉ mục cho bảng `thanhvien`
--
ALTER TABLE `thanhvien`
  ADD PRIMARY KEY (`idThanhVien`);

--
-- Chỉ mục cho bảng `trangthai`
--
ALTER TABLE `trangthai`
  ADD PRIMARY KEY (`idTrangThai`);

--
-- AUTO_INCREMENT cho các bảng đã đổ
--

--
-- AUTO_INCREMENT cho bảng `baibao`
--
ALTER TABLE `baibao`
  MODIFY `idBaiBao` int(11) NOT NULL AUTO_INCREMENT, AUTO_INCREMENT=31;

--
-- AUTO_INCREMENT cho bảng `binhluan`
--
ALTER TABLE `binhluan`
  MODIFY `idBinhLuan` int(11) NOT NULL AUTO_INCREMENT, AUTO_INCREMENT=6;

--
-- AUTO_INCREMENT cho bảng `chuyenmuc`
--
ALTER TABLE `chuyenmuc`
  MODIFY `idChuyenMuc` int(11) NOT NULL AUTO_INCREMENT, AUTO_INCREMENT=16;

--
-- AUTO_INCREMENT cho bảng `nhantag`
--
ALTER TABLE `nhantag`
  MODIFY `idTag` int(11) NOT NULL AUTO_INCREMENT, AUTO_INCREMENT=16;

--
-- AUTO_INCREMENT cho bảng `phanhe`
--
ALTER TABLE `phanhe`
  MODIFY `idPhanHe` int(11) NOT NULL AUTO_INCREMENT, AUTO_INCREMENT=5;

--
-- AUTO_INCREMENT cho bảng `thanhvien`
--
ALTER TABLE `thanhvien`
  MODIFY `idThanhVien` int(11) NOT NULL AUTO_INCREMENT, AUTO_INCREMENT=6;

--
-- AUTO_INCREMENT cho bảng `trangthai`
--
ALTER TABLE `trangthai`
  MODIFY `idTrangThai` int(11) NOT NULL AUTO_INCREMENT, AUTO_INCREMENT=5;
COMMIT;

/*!40101 SET CHARACTER_SET_CLIENT=@OLD_CHARACTER_SET_CLIENT */;
/*!40101 SET CHARACTER_SET_RESULTS=@OLD_CHARACTER_SET_RESULTS */;
/*!40101 SET COLLATION_CONNECTION=@OLD_COLLATION_CONNECTION */;
